date,symbol,company_name,time,consensus,no_of_estimates,market_cap,last_year_eps,last_year_rpt_dt,surprise_percent
2025-08-12,SE,,time-pre-market,,3,"$86,571,074,949",$0.14,8/13/2024,
2025-08-12,CRWV,,time-after-hours,,2,"$67,091,203,651",N/A,N/A,
2025-08-12,CAH,,time-pre-market,,8,"$37,629,816,608",$1.84,8/14/2024,
2025-08-12,CRCL,,time-pre-market,,2,"$35,544,450,335",N/A,N/A,
2025-08-12,TME,,time-pre-market,,2,"$35,160,132,241",$0.15,8/13/2024,
2025-08-12,ONON,,time-pre-market,,5,"$29,020,031,302",$0.10,8/13/2024,
2025-08-12,EC,,time-after-hours,,2,"$17,536,270,290",$0.42,8/14/2024,
2025-08-12,NBIS,,time-not-supplied,,2,"$16,724,764,289",$0.68,7/30/2024,
2025-08-12,SPMC,,time-pre-market,,2,"$9,798,028,983",N/A,N/A,
2025-08-12,CAVA,,time-after-hours,,8,"$9,518,815,449",$0.17,8/22/2024,
2025-08-12,CAI,,time-after-hours,,2,"$8,566,202,139",N/A,N/A,
2025-08-12,LITE,,time-after-hours,,6,"$7,983,082,000",($0.39),8/14/2024,
2025-08-12,HRB,,time-after-hours,,3,"$7,289,788,542",$1.89,8/15/2024,
2025-08-12,PHI,,time-not-supplied,,N/A,"$4,951,998,363",$0.67,8/13/2024,
2025-08-12,MSGS,,time-pre-market,,3,"$4,863,086,280",$1.06,8/13/2024,
2025-08-12,RGTI,,time-after-hours,,2,"$4,639,359,766",($0.07),8/08/2024,
2025-08-12,ETOR,,time-pre-market,,2,"$4,472,306,928",N/A,N/A,
2025-08-12,ECG,,time-after-hours,,2,"$3,614,850,301",N/A,N/A,
2025-08-12,ORLA,,time-pre-market,,3,"$3,348,779,837",$0.07,8/12/2024,
2025-08-12,INTA,,time-after-hours,,6,"$2,885,244,754",$0.04,8/13/2024,
2025-08-12,PDCC,,time-not-supplied,,2,"$2,753,112,049",N/A,N/A,
2025-08-12,SOC,,time-not-supplied,,3,"$2,601,034,584",($2.75),8/13/2024,
2025-08-12,IHS,,time-pre-market,,1,"$2,247,391,915",$0.04,8/13/2024,
2025-08-12,CNTA,,time-not-supplied,,6,"$2,219,407,836",($0.40),8/13/2024,
2025-08-12,SLDE,,time-after-hours,,2,"$2,183,847,806",N/A,N/A,
2025-08-12,LQDA,,time-pre-market,,6,"$1,812,271,930",($0.37),8/07/2024,
2025-08-12,BKV,,time-pre-market,,2,"$1,699,249,962",N/A,N/A,
2025-08-12,SA,,time-not-supplied,,2,"$1,672,031,986",$0.37,N/A,
2025-08-12,TWFG,,time-after-hours,,4,"$1,522,451,020",$14.89,8/27/2024,
2025-08-12,WBTN,,time-after-hours,,1,"$1,189,925,504",$0.20,8/08/2024,
2025-08-12,GRAL,,time-after-hours,,1,"$1,175,973,519",($5.30),8/13/2024,
2025-08-12,KLC,,time-after-hours,,2,"$1,136,400,919",N/A,N/A,
2025-08-12,NVGS,,time-after-hours,,1,"$1,088,155,121",$0.34,8/14/2024,
2025-08-12,PLSE,,time-after-hours,,2,"$1,001,035,067",N/A,N/A,
2025-08-12,AVXL,,time-pre-market,,1,"$968,970,520",($0.14),8/06/2024,
2025-08-12,ELVN,,time-not-supplied,,3,"$888,889,609",($0.41),8/13/2024,
2025-08-12,MLYS,,time-after-hours,,4,"$859,662,036",($0.83),8/13/2024,
2025-08-12,SKYH,,time-after-hours,,3,"$830,904,933",$0.06,8/13/2024,
2025-08-12,CNL,,time-not-supplied,,2,"$806,898,384",($0.09),N/A,
2025-08-12,ATAI,,time-not-supplied,,4,"$793,336,932",($0.36),8/13/2024,
2025-08-12,ECO,,time-after-hours,,2,"$779,097,414",$1.23,8/09/2024,
2025-08-12,IMTX,,time-not-supplied,,2,"$770,628,071",($0.18),8/13/2024,
2025-08-12,FBYD,,time-not-supplied,,2,"$757,717,374",$0.01,N/A,
2025-08-12,STOK,,time-after-hours,,6,"$718,495,520",($0.46),8/07/2024,
2025-08-12,PSFE,,time-pre-market,,1,"$704,885,338",$0.43,8/13/2024,
2025-08-12,VALN,,time-pre-market,,1,"$690,716,477",($0.37),8/13/2024,
2025-08-12,BITF,,time-pre-market,,3,"$683,833,055",($0.07),8/08/2024,
2025-08-12,LAC,,time-not-supplied,,5,"$666,993,709",($0.05),8/13/2024,
2025-08-12,AUTL,,time-pre-market,,4,"$657,369,285",($0.22),8/08/2024,
2025-08-12,ZVRA,,time-after-hours,,3,"$639,751,800",($0.48),8/13/2024,
2025-08-12,VINP,,time-after-hours,,N/A,"$602,721,600",$0.10,8/07/2024,
2025-08-12,TSHA,,time-pre-market,,4,"$592,466,333",($0.09),8/12/2024,
2025-08-12,TBPH,,time-after-hours,,4,"$570,015,185",($0.34),8/05/2024,
2025-08-12,SMWB,,time-after-hours,,3,"$569,038,170",($0.01),8/06/2024,
2025-08-12,BCAX,,time-not-supplied,,2,"$544,816,818",N/A,N/A,
2025-08-12,GAIN,,time-after-hours,,4,"$525,669,427",$0.24,8/05/2024,
2025-08-12,ONDS,,time-pre-market,,2,"$471,373,053",($0.14),8/14/2024,
2025-08-12,SLDB,,time-not-supplied,,8,"$471,293,492",($0.61),8/13/2024,
2025-08-12,DDI,,time-after-hours,,3,"$470,757,680",$0.67,8/12/2024,
2025-08-12,TTGT,,time-pre-market,,N/A,"$456,099,820",$0.16,8/08/2024,
2025-08-12,UAMY,,time-after-hours,,1,"$446,928,060",N/A,8/09/2024,
2025-08-12,LWAY,,time-not-supplied,,2,"$419,913,516",$0.25,N/A,
2025-08-12,BOC,,time-not-supplied,,2,"$419,588,810",($0.07),N/A,
2025-08-12,ATEX,,time-after-hours,,2,"$391,865,519",($0.84),8/06/2024,
2025-08-12,ECC,,time-pre-market,,2,"$379,140,775",$0.28,8/06/2024,
2025-08-12,ABSI,,time-after-hours,,3,"$363,544,153",($0.22),8/14/2024,
2025-08-12,AII,,time-after-hours,,2,"$348,185,257",N/A,N/A,
2025-08-12,SATL,,time-not-supplied,,2,"$341,479,419",N/A,N/A,
2025-08-12,XOMA,,time-not-supplied,,3,"$325,858,387",($0.28),8/13/2024,
2025-08-12,CADL,,time-not-supplied,,3,"$311,137,637",($0.74),8/13/2024,
2025-08-12,BTM,,time-pre-market,,4,"$309,985,754",($0.13),8/15/2024,
2025-08-12,INBX,,time-not-supplied,,1,"$309,784,346",$125.48,8/13/2024,
2025-08-12,KOPN,,time-pre-market,,N/A,"$304,432,114",($0.05),8/08/2024,
2025-08-12,ANTA,,time-after-hours,,2,"$302,084,156",N/A,N/A,
2025-08-12,WILC,,time-not-supplied,,2,"$300,775,599",$0.13,N/A,
2025-08-12,NNOX,,time-pre-market,,N/A,"$300,319,025",($0.23),8/20/2024,
2025-08-12,CLPT,,time-after-hours,,1,"$296,685,456",($0.16),8/07/2024,
2025-08-12,NPCE,,time-after-hours,,3,"$291,578,709",($0.26),8/13/2024,
2025-08-12,CDZI,,time-not-supplied,,2,"$278,379,678",($0.15),8/13/2024,
2025-08-12,HYLN,,time-after-hours,,1,"$275,115,487",($0.06),8/06/2024,
2025-08-12,ALT,,time-pre-market,,6,"$274,141,569",($0.35),8/08/2024,
2025-08-12,ADCT,,time-pre-market,,1,"$265,797,806",($0.38),8/06/2024,
2025-08-12,ALCO,,time-after-hours,,1,"$247,603,554",($0.27),8/05/2024,
2025-08-12,GALT,,time-not-supplied,,1,"$245,571,350",($0.20),8/13/2024,
2025-08-12,SLND,,time-after-hours,,1,"$242,443,854",($0.96),8/12/2024,
2025-08-12,SBXD,,time-not-supplied,,2,"$242,070,051",N/A,N/A,
2025-08-12,ALMS,,time-not-supplied,,4,"$236,120,061",($23.10),8/13/2024,
2025-08-12,MREO,,time-not-supplied,,2,"$235,821,323",($0.02),N/A,
2025-08-12,LCTX,,time-after-hours,,3,"$230,639,853",($0.03),8/08/2024,
2025-08-12,TGEN,,time-after-hours,,2,"$227,838,588",($0.06),N/A,
2025-08-12,DFDV,,time-after-hours,,2,"$218,162,224",($0.08),N/A,
2025-08-12,DMAC,,time-after-hours,,1,"$196,406,270",($0.13),8/07/2024,
2025-08-12,FLD,,time-after-hours,,2,"$186,457,529",N/A,N/A,
2025-08-12,TIL,,time-not-supplied,,1,"$185,973,930",($2.29),8/13/2024,
2025-08-12,DERM,,time-after-hours,,2,"$183,337,702",($0.17),8/12/2024,
2025-08-12,BEEP,,time-after-hours,,2,"$161,544,000",($0.06),8/13/2024,
2025-08-12,CRBU,,time-not-supplied,,4,"$159,037,869",($0.42),8/06/2024,
2025-08-12,PROP,,time-after-hours,,4,"$158,225,206",($0.71),8/09/2024,
2025-08-12,SLS,,time-not-supplied,,N/A,"$153,657,330",($0.13),8/13/2024,
2025-08-12,PLBY,,time-after-hours,,2,"$153,129,693",($0.23),8/08/2024,
2025-08-12,RPID,,time-pre-market,,2,"$142,891,345",($0.29),8/02/2024,
2025-08-12,NKTX,,time-not-supplied,,5,"$142,624,684",($0.34),8/13/2024,
2025-08-12,SSTI,,time-after-hours,,3,"$141,558,527",($0.07),8/06/2024,
2025-08-12,KRRO,,time-not-supplied,,5,"$141,326,905",($2.43),8/13/2024,
2025-08-12,TLSI,,time-after-hours,,3,"$135,085,094",($0.21),8/14/2024,
2025-08-12,MPTI,,time-after-hours,,1,"$131,571,538",$0.63,8/14/2024,
2025-08-12,REKR,,time-after-hours,,2,"$128,702,779",($0.12),8/14/2024,
2025-08-12,STRS,,time-not-supplied,,2,"$126,739,129",($0.21),N/A,
2025-08-12,LAZR,,time-after-hours,,1,"$126,104,034",($3.90),8/06/2024,
2025-08-12,SPRO,,time-after-hours,,1,"$123,003,410",($0.33),8/05/2024,
2025-08-12,SKYX,,time-after-hours,,2,"$122,681,599",($0.08),8/12/2024,
2025-08-12,VGAS,,time-not-supplied,,2,"$119,838,480",($0.14),N/A,
2025-08-12,IMRX,,time-not-supplied,,3,"$115,514,103",($0.47),8/06/2024,
2025-08-12,CCIX,,time-not-supplied,,2,"$115,172,630",N/A,N/A,
2025-08-12,SCLX,,time-not-supplied,,2,"$109,974,660",($6.29),N/A,
2025-08-12,EIC,,time-pre-market,,1,"$109,658,809",$0.44,8/06/2024,
2025-08-12,FATE,,time-not-supplied,,7,"$107,262,119",($0.33),8/13/2024,
2025-08-12,FGBI,,time-not-supplied,,1,"$103,107,392",$0.53,7/23/2024,
2025-08-12,GGR,,time-pre-market,,2,"$100,420,119",($0.08),N/A,
2025-08-12,IDN,,time-after-hours,,3,"$100,215,164",($0.01),8/08/2024,
2025-08-12,MGNX,,time-not-supplied,,5,"$92,742,775",($0.89),8/06/2024,
2025-08-12,QUIK,,time-after-hours,,1,"$91,374,060",($0.11),8/13/2024,
2025-08-12,CFSB,,time-not-supplied,,2,"$90,959,707",$0.03,N/A,
2025-08-12,PSQH,,time-after-hours,,1,"$89,256,393",($0.28),8/14/2024,
2025-08-12,OPXS,,time-after-hours,,2,"$88,761,880",$0.18,N/A,
2025-08-12,RDZN,,time-not-supplied,,2,"$87,663,363",($0.46),N/A,
2025-08-12,ZURA,,time-not-supplied,,4,"$87,243,747",($0.17),8/13/2024,
2025-08-12,MCHX,,time-after-hours,,1,"$86,486,408",($0.02),8/08/2024,
2025-08-12,ABOS,,time-pre-market,,1,"$86,014,264",($0.34),8/13/2024,
2025-08-12,ARMP,,time-not-supplied,,1,"$85,420,230",($0.65),8/13/2024,
2025-08-12,ANRO,,time-not-supplied,,6,"$82,840,715",($0.60),8/13/2024,
2025-08-12,XTNT,,time-pre-market,,2,"$81,824,499",($0.03),N/A,
2025-08-12,SND,,time-after-hours,,N/A,"$81,554,183",$0.02,8/13/2024,
2025-08-12,SRFM,,time-after-hours,,1,"$79,449,256",($1.96),8/14/2024,
2025-08-12,VANI,,time-not-supplied,,1,"$74,647,318",($0.10),8/13/2024,
2025-08-12,TISI,,time-after-hours,,2,"$74,590,291",($0.45),N/A,
2025-08-12,FDSB,,time-not-supplied,,2,"$72,856,894",N/A,N/A,
2025-08-12,IOBT,,time-not-supplied,,4,"$69,174,960",($0.31),8/13/2024,
2025-08-12,AP,,time-after-hours,,2,"$68,522,644",$0.10,N/A,
2025-08-12,GCTS,,time-after-hours,,1,"$65,923,869",($0.02),8/14/2024,
2025-08-12,IRD,,time-not-supplied,,1,"$63,240,869",($0.30),8/13/2024,
2025-08-12,IZEA,,time-after-hours,,N/A,"$63,134,360",($0.13),8/14/2024,
2025-08-12,KBSX,,time-not-supplied,,2,"$63,041,466",$0.02,N/A,
2025-08-12,PETS,,time-not-supplied,,1,"$62,589,065",$0.18,8/06/2024,
2025-08-12,VRCA,,time-after-hours,,1,"$61,975,000",($3.70),8/14/2024,
2025-08-12,MDAI,,time-after-hours,,2,"$60,764,145",($0.16),8/12/2024,
2025-08-12,DRRX,,time-not-supplied,,1,"$58,049,626",($0.12),8/13/2024,
2025-08-12,BDL,,time-not-supplied,,2,"$57,896,854",$0.60,N/A,
2025-08-12,FBIO,,time-not-supplied,,1,"$56,774,246",($0.73),8/13/2024,
2025-08-12,BWEN,,time-pre-market,,2,"$56,490,819",$0.02,8/13/2024,
2025-08-12,RBOT,,time-after-hours,,1,"$54,574,253",($2.86),8/12/2024,
2025-08-12,INO,,time-after-hours,,4,"$52,811,188",($1.19),8/08/2024,
2025-08-12,VERU,,time-pre-market,,4,"$52,623,627",($0.70),8/08/2024,
2025-08-12,PRTS,,time-after-hours,,2,"$52,045,828",($0.15),N/A,
2025-08-12,CRT,,time-not-supplied,,2,"$51,300,000",$0.22,N/A,
2025-08-12,GUTS,,time-after-hours,,2,"$47,850,173",($0.36),8/14/2024,
2025-08-12,TELO,,time-not-supplied,,1,"$47,025,020",($0.05),8/13/2024,
2025-08-12,ACCS,,time-pre-market,,1,"$46,557,690",$0.16,8/08/2024,
2025-08-12,SYPR,,time-not-supplied,,2,"$45,731,123",N/A,N/A,
2025-08-12,PXLW,,time-after-hours,,1,"$44,722,568",($1.68),8/07/2024,
2025-08-12,QMCO,,time-not-supplied,,1,"$44,689,964",$2,8/13/2024,
2025-08-12,JRSH,,time-pre-market,,2,"$41,655,803",($0.11),N/A,
2025-08-12,USEG,,time-pre-market,,1,"$40,451,351",($0.08),8/07/2024,
2025-08-12,CVU,,time-not-supplied,,2,"$40,300,223",$0.11,N/A,
2025-08-12,OVID,,time-not-supplied,,5,"$39,515,557",$0.12,8/13/2024,
2025-08-12,JSPR,,time-not-supplied,,3,"$39,508,181",($0.97),8/13/2024,
2025-08-12,MODD,,time-not-supplied,,2,"$39,220,862",($0.12),N/A,
2025-08-12,ISPO,,time-after-hours,,1,"$38,764,838",($2.25),8/13/2024,
2025-08-12,BTAI,,time-not-supplied,,1,"$38,758,694",($3.36),8/06/2024,
2025-08-12,ACRV,,time-not-supplied,,5,"$38,567,094",($0.52),8/13/2024,
2025-08-12,LGL,,time-not-supplied,,2,"$38,398,128",$0.02,N/A,
2025-08-12,MDBH,,time-not-supplied,,2,"$38,210,427",($0.46),N/A,
2025-08-12,FTHM,,time-after-hours,,1,"$37,776,018",($0.07),8/12/2024,
2025-08-12,SNAL,,time-not-supplied,,1,"$36,335,418",$0.06,8/13/2024,
2025-08-12,INTZ,,time-after-hours,,2,"$36,010,122",($0.53),8/13/2024,
2025-08-12,SCWO,,time-after-hours,,2,"$34,723,911",($0.02),N/A,
2025-08-12,ALXO,,time-after-hours,,3,"$32,841,350",($0.76),8/08/2024,
2025-08-12,ANTX,,time-not-supplied,,1,"$31,684,506",($0.48),8/13/2024,
2025-08-12,KZR,,time-not-supplied,,3,"$28,711,794",($2.80),8/13/2024,
2025-08-12,OKUR,,time-not-supplied,,4,"$27,426,110",($1.60),8/13/2024,
2025-08-12,CAMP,,time-not-supplied,,2,"$27,419,059",N/A,N/A,
2025-08-12,SWAG,,time-after-hours,,2,"$25,865,687",($0.06),N/A,
2025-08-12,CVV,,time-after-hours,,2,"$25,325,164",($0.11),N/A,
2025-08-12,FENG,,time-not-supplied,,2,"$25,234,640",($0.06),N/A,
2025-08-12,TENX,,time-not-supplied,,3,"$24,268,696",($1.83),8/13/2024,
2025-08-12,MIRA,,time-not-supplied,,1,"$24,025,865",($0.11),8/13/2024,
2025-08-12,WVVI,,time-not-supplied,,2,"$24,023,356",($0.07),N/A,
2025-08-12,DRIO,,time-pre-market,,2,"$22,106,560",($0.08),8/08/2024,
2025-08-12,IRIX,,time-after-hours,,2,"$21,154,174",($0.16),N/A,
2025-08-12,HYFM,,time-pre-market,,2,"$20,940,200",$3,8/08/2024,
2025-08-12,NXGL,,time-after-hours,,2,"$20,284,523",($0.14),N/A,
2025-08-12,EHLD,,time-pre-market,,2,"$20,026,133",N/A,N/A,
2025-08-12,ROLR,,time-after-hours,,2,"$18,539,068",N/A,N/A,
2025-08-12,CXAI,,time-after-hours,,2,"$18,435,429",($0.34),N/A,
2025-08-12,IPM,,time-after-hours,,2,"$17,642,645",($0.10),N/A,
2025-08-12,NRXS,,time-pre-market,,2,"$17,534,550",($0.42),N/A,
2025-08-12,CING,,time-not-supplied,,4,"$17,195,138",($5.47),8/13/2024,
2025-08-12,SOHO,,time-pre-market,,1,"$16,189,545",$0.37,8/13/2024,
2025-08-12,FCUV,,time-not-supplied,,2,"$16,135,889",($0.20),N/A,
2025-08-12,CENN,,time-not-supplied,,2,"$15,578,349",($0.30),N/A,
2025-08-12,MTEX,,time-not-supplied,,2,"$15,207,440",($0.33),N/A,
2025-08-12,XAIR,,time-after-hours,,2,"$14,661,575",($5.40),8/06/2024,
2025-08-12,FPAY,,time-not-supplied,,1,"$14,578,789",($0.13),8/06/2024,
2025-08-12,AEI,,time-not-supplied,,2,"$13,495,387",($0.13),N/A,
2025-08-12,PTHS,,time-not-supplied,,2,"$12,532,115",($3.10),N/A,
2025-08-12,NERV,,time-not-supplied,,1,"$12,308,395",($1.09),8/06/2024,
2025-08-12,ERNA,,time-not-supplied,,2,"$11,925,146",($15.29),N/A,
2025-08-12,GRNQ,,time-not-supplied,,2,"$11,894,026",($0.07),N/A,
2025-08-12,BRN,,time-not-supplied,,2,"$11,561,564",($0.12),N/A,
2025-08-12,BTBD,,time-not-supplied,,2,"$11,386,239",($0.01),N/A,
2025-08-12,CSCI,,time-not-supplied,,2,"$11,265,444",($0.64),N/A,
2025-08-12,BOLT,,time-not-supplied,,2,"$10,799,527",($11.20),8/13/2024,
2025-08-12,BRTX,,time-after-hours,,1,"$10,581,740",($0.50),8/13/2024,
2025-08-12,CNFR,,time-not-supplied,,2,"$10,321,001",($0.30),N/A,
2025-08-12,IMCC,,time-pre-market,,2,"$9,040,374",($0.17),N/A,
2025-08-12,STI,,time-not-supplied,,2,"$8,965,790",$11.50,N/A,
2025-08-12,MBRX,,time-not-supplied,,2,"$8,787,301",($2.23),8/13/2024,
2025-08-12,EVOK,,time-not-supplied,,2,"$8,165,933",($0.93),N/A,
2025-08-12,BBGI,,time-pre-market,,2,"$7,688,376",($0.20),N/A,
2025-08-12,DSS,,time-not-supplied,,2,"$7,587,706",($0.66),N/A,
2025-08-12,GXAI,,time-not-supplied,,2,"$7,408,391",($0.72),N/A,
2025-08-12,IDAI,,time-not-supplied,,2,"$7,325,782",($3.15),N/A,
2025-08-12,SINT,,time-not-supplied,,1,"$7,246,397",($3.61),8/13/2024,
2025-08-12,POAI,,time-not-supplied,,1,"$6,480,784",($0.68),8/13/2024,
2025-08-12,ULY,,time-after-hours,,N/A,"$6,273,943",($10.44),8/12/2024,
2025-08-12,RKDA,,time-not-supplied,,2,"$5,974,102",$0.78,N/A,
2025-08-12,ARTL,,time-not-supplied,,2,"$5,484,795",($4.50),N/A,
2025-08-12,SDOT,,time-not-supplied,,1,"$5,469,908",($0.20),8/13/2024,
2025-08-12,KTTA,,time-not-supplied,,2,"$5,050,467",($3.71),N/A,
2025-08-12,IPDN,,time-not-supplied,,2,"$4,583,113",($0.50),N/A,
2025-08-12,SRXH,,time-not-supplied,,2,"$4,425,321",($0.76),N/A,
2025-08-12,XBIO,,time-not-supplied,,1,"$4,256,304",($0.83),8/13/2024,
2025-08-12,GBR,,time-not-supplied,,2,"$4,172,262",$0.01,N/A,
2025-08-12,ASTI,,time-not-supplied,,2,"$3,808,928",($0.06),N/A,
2025-08-12,NBY,,time-not-supplied,,1,"$3,495,539",($1.37),8/13/2024,
2025-08-12,GCTK,,time-not-supplied,,2,"$3,189,053",($99.99),N/A,
2025-08-12,ADIL,,time-not-supplied,,1,"$2,957,230",($0.59),8/13/2024,
2025-08-12,SILO,,time-not-supplied,,2,"$2,824,988",($0.31),N/A,
2025-08-12,ISPC,,time-not-supplied,,2,"$2,821,450",($3.80),N/A,
2025-08-12,RVYL,,time-not-supplied,,1,"$2,704,591",($0.64),8/13/2024,
2025-08-12,GRI,,time-not-supplied,,2,"$2,494,816",($83.67),8/13/2024,
2025-08-12,AGRI,,time-not-supplied,,2,"$2,235,205",$8,N/A,
2025-08-12,JAGX,,time-not-supplied,,N/A,"$2,209,815",($99.99),8/13/2024,
2025-08-12,IVP,,time-not-supplied,,2,"$1,704,119",$13,N/A,
2025-08-12,YHC,,time-not-supplied,,2,"$993,779",($15.38),N/A,
2025-08-12,EMPD,,time-not-supplied,,N/A,,($12.08),8/06/2024,
2025-08-13,CSCO,,time-after-hours,,7,"$279,853,071,381",$0.71,8/14/2024,
2025-08-13,KB,,time-not-supplied,,N/A,"$30,276,602,268",$3.06,8/14/2024,
2025-08-13,VG,,time-pre-market,,1,"$29,207,727,919",N/A,N/A,
2025-08-13,ESLT,,time-pre-market,,1,"$19,810,754,695",$2.08,8/14/2024,
2025-08-13,COHR,,time-after-hours,,8,"$17,658,053,410",$0.45,8/15/2024,
2025-08-13,PFGC,,time-pre-market,,4,"$15,212,619,309",$1.45,8/14/2024,
2025-08-13,STN,,time-after-hours,,5,"$12,443,568,485",$0.82,8/07/2024,
2025-08-13,QXO,,time-not-supplied,,3,"$11,143,176,301",$3.22,8/14/2024,
2025-08-13,SARO,,time-after-hours,,1,"$9,468,608,745",N/A,N/A,
2025-08-13,CAE,,time-pre-market,,10,"$9,207,698,388",$0.15,8/13/2024,
2025-08-13,EAT,,time-pre-market,,8,"$6,760,575,860",$1.61,8/14/2024,
2025-08-13,LOAR,,time-pre-market,,2,"$6,372,103,996",$0.13,8/13/2024,
2025-08-13,BRFS,,time-not-supplied,,1,"$5,631,296,264",$0.11,8/14/2024,
2025-08-13,GLBE,,time-pre-market,,5,"$5,544,122,965",($0.13),8/14/2024,
2025-08-13,PCSC,,time-not-supplied,,1,"$4,272,096,900",$0.03,N/A,
2025-08-13,VCIC,,time-not-supplied,,1,"$4,272,096,900",N/A,N/A,
2025-08-13,LPL,,time-not-supplied,,1,"$4,060,000,000",($0.74),8/14/2024,
2025-08-13,HBM,,time-pre-market,,15,"$3,772,269,702",N/A,8/13/2024,
2025-08-13,AVAL,,time-not-supplied,,1,"$3,585,264,840",$0.04,8/14/2024,
2025-08-13,UGP,,time-not-supplied,,1,"$3,257,038,505",$0.08,8/07/2024,
2025-08-13,DLO,,time-after-hours,,3,"$3,040,310,198",$0.15,8/14/2024,
2025-08-13,EQX,,time-after-hours,,2,"$3,033,107,686",($0.01),8/07/2024,
2025-08-13,RNW,,time-after-hours,,2,"$2,724,396,271",N/A,8/15/2024,
2025-08-13,ALVO,,time-after-hours,,1,"$2,571,384,368",$0.28,8/15/2024,
2025-08-13,MRX,,time-pre-market,,3,"$2,459,478,101",$0.90,8/14/2024,
2025-08-13,FIHL,,time-after-hours,,2,"$1,877,792,095",$0.54,8/14/2024,
2025-08-13,MSGE,,time-pre-market,,2,"$1,847,612,272",$1.41,8/16/2024,
2025-08-13,NYAX,,time-pre-market,,4,"$1,643,845,376",($0.08),8/07/2024,
2025-08-13,SPRY,,time-pre-market,,4,"$1,608,738,129",($0.13),8/06/2024,
2025-08-13,SPNS,,time-pre-market,,2,"$1,607,875,463",$0.36,8/01/2024,
2025-08-13,EXK,,time-pre-market,,3,"$1,604,052,819",N/A,8/01/2024,
2025-08-13,ARCO,,time-pre-market,,1,"$1,424,082,265",$0.13,8/14/2024,
2025-08-13,SFL,,time-not-supplied,,1,"$1,324,490,483",$0.16,N/A,
2025-08-13,PHVS,,time-not-supplied,,5,"$1,135,637,079",($0.59),8/14/2024,
2025-08-13,SUPV,,time-after-hours,,1,"$1,000,221,881",$0.22,8/14/2024,
2025-08-13,MGIC,,time-not-supplied,,1,"$958,418,434",$0.24,8/14/2024,
2025-08-13,DEFT,,time-not-supplied,,1,"$940,024,118",$0.20,N/A,
2025-08-13,IBTA,,time-after-hours,,2,"$900,087,538",($1.32),8/13/2024,
2025-08-13,SSYS,,time-pre-market,,2,"$773,815,458",($0.14),8/29/2024,
2025-08-13,CINT,,time-after-hours,,4,"$703,041,376",$0.03,8/16/2024,
2025-08-13,NEXN,,time-pre-market,,1,"$602,520,937",$0.07,8/22/2024,
2025-08-13,MAZE,,time-not-supplied,,1,"$589,947,826",N/A,N/A,
2025-08-13,ASM,,time-after-hours,,1,"$574,722,286",$0.03,8/13/2024,
2025-08-13,DJCO,,time-not-supplied,,1,"$562,954,006",$0.79,N/A,
2025-08-13,BORR,,time-after-hours,,1,"$541,288,274",$0.12,N/A,
2025-08-13,TYRA,,time-not-supplied,,7,"$537,097,699",($0.32),8/07/2024,
2025-08-13,CCAP,,time-after-hours,,3,"$531,833,199",$0.59,8/12/2024,
2025-08-13,PGEN,,time-not-supplied,,2,"$513,613,304",($0.10),8/14/2024,
2025-08-13,CODI,,time-not-supplied,,1,"$501,071,534",$0.83,7/31/2024,
2025-08-13,DDL,,time-not-supplied,,N/A,"$496,078,139",N/A,8/07/2024,
2025-08-13,KE,,time-after-hours,,1,"$481,268,978",$0.33,8/13/2024,
2025-08-13,NAK,,time-not-supplied,,N/A,"$467,846,224",($0.01),8/14/2024,
2025-08-13,SBC,,time-pre-market,,1,"$460,033,954",N/A,N/A,
2025-08-13,NOA,,time-after-hours,,3,"$452,471,605",$0.62,7/31/2024,
2025-08-13,KOD,,time-not-supplied,,4,"$423,691,234",($0.86),8/14/2024,
2025-08-13,KMDA,,time-pre-market,,3,"$422,086,928",$0.08,8/14/2024,
2025-08-13,MTA,,time-not-supplied,,1,"$399,707,032",($0.02),8/14/2024,
2025-08-13,GAU,,time-after-hours,,1,"$396,611,254",$0.03,8/08/2024,
2025-08-13,TOI,,time-after-hours,,2,"$378,352,635",($0.17),8/13/2024,
2025-08-13,ESEA,,time-pre-market,,1,"$349,384,707",$4.92,8/06/2024,
2025-08-13,AZ,,time-not-supplied,,1,"$344,090,168",($0.13),N/A,
2025-08-13,NETD,,time-not-supplied,,1,"$343,430,000",$0.09,N/A,
2025-08-13,INVZ,,time-pre-market,,1,"$338,235,327",($0.13),8/07/2024,
2025-08-13,EVO,,time-pre-market,,1,"$337,920,410",N/A,N/A,
2025-08-13,PDYN,,time-not-supplied,,1,"$315,036,044",($0.20),N/A,
2025-08-13,SPIR,,time-after-hours,,1,"$311,177,047",N/A,N/A,
2025-08-13,NMG,,time-not-supplied,,1,"$299,193,236",($0.07),8/14/2024,
2025-08-13,PNRG,,time-not-supplied,,1,"$283,762,845",$7.77,N/A,
2025-08-13,SGMT,,time-not-supplied,,4,"$281,709,269",($0.25),8/14/2024,
2025-08-13,CATX,,time-pre-market,,7,"$276,129,402",($0.17),8/12/2024,
2025-08-13,ITRG,,time-after-hours,,4,"$275,472,918",($0.07),8/14/2024,
2025-08-13,SJT,,time-not-supplied,,1,"$271,263,193",$0.02,N/A,
2025-08-13,DRUG,,time-not-supplied,,2,"$270,823,324",$0.04,8/14/2024,
2025-08-13,GWRS,,time-after-hours,,2,"$270,666,643",$0.07,8/07/2024,
2025-08-13,OMER,,time-not-supplied,,1,"$242,573,004",($1.12),8/07/2024,
2025-08-13,LRMR,,time-not-supplied,,6,"$242,025,432",($0.34),8/07/2024,
2025-08-13,AARD,,time-not-supplied,,1,"$241,909,508",N/A,N/A,
2025-08-13,FFAI,,time-not-supplied,,1,"$240,151,975",($5.20),N/A,
2025-08-13,SMTI,,time-pre-market,,1,"$238,727,732",($0.41),8/12/2024,
2025-08-13,CDXS,,time-after-hours,,3,"$231,965,577",($0.32),8/08/2024,
2025-08-13,EWCZ,,time-pre-market,,3,"$231,861,470",$0.12,8/14/2024,
2025-08-13,BWAY,,time-pre-market,,3,"$228,317,659",$0.04,8/06/2024,
2025-08-13,TVRD,,time-not-supplied,,3,"$225,878,614",($13.33),8/14/2024,
2025-08-13,ALLO,,time-not-supplied,,9,"$225,292,733",($0.32),8/07/2024,
2025-08-13,FVR,,time-after-hours,,1,"$224,641,349",N/A,N/A,
2025-08-13,OGI,,time-pre-market,,2,"$219,569,648",$0.02,8/13/2024,
2025-08-13,RDCM,,time-pre-market,,1,"$204,674,822",$0.12,8/07/2024,
2025-08-13,SMID,,time-not-supplied,,1,"$203,696,870",$0.37,N/A,
2025-08-13,LPA,,time-after-hours,,1,"$198,562,128",$0.31,N/A,
2025-08-13,MGRM,,time-not-supplied,,2,"$192,001,063",($0.11),8/14/2024,
2025-08-13,ELVA,,time-after-hours,,3,"$191,711,054",($0.01),8/13/2024,
2025-08-13,EPRX,,time-not-supplied,,2,"$190,897,805",($0.17),8/07/2024,
2025-08-13,NKSH,,time-not-supplied,,1,"$184,792,294",($0.05),8/14/2024,
2025-08-13,GRAF,,time-not-supplied,,1,"$184,607,695",N/A,N/A,
2025-08-13,EDIT,,time-not-supplied,,5,"$184,168,290",($0.82),8/07/2024,
2025-08-13,VOXR,,time-after-hours,,1,"$173,079,225",($0.01),8/07/2024,
2025-08-13,GLSI,,time-not-supplied,,1,"$166,970,117",($0.20),8/14/2024,
2025-08-13,RILY,,time-after-hours,,1,"$163,464,274",($14.35),N/A,
2025-08-13,SRG,,time-not-supplied,,1,"$160,525,130",N/A,N/A,
2025-08-13,SIEB,,time-not-supplied,,1,"$159,215,148",$0.10,N/A,
2025-08-13,LYEL,,time-not-supplied,,2,"$156,669,465",($3.60),8/07/2024,
2025-08-13,EP,,time-not-supplied,,1,"$155,447,941",($0.10),N/A,
2025-08-13,NXXT,,time-not-supplied,,1,"$150,490,660",($1.67),N/A,
2025-08-13,MPU,,time-not-supplied,,1,"$147,267,972",($0.09),N/A,
2025-08-13,NAMM,,time-not-supplied,,1,"$147,076,155",($0.31),N/A,
2025-08-13,ARAY,,time-after-hours,,2,"$140,098,202",$0.03,8/14/2024,
2025-08-13,UCL,,time-pre-market,,1,"$139,617,109",$0.06,8/14/2024,
2025-08-13,EPSN,,time-after-hours,,1,"$138,709,652",$0.04,8/13/2024,
2025-08-13,BFIN,,time-not-supplied,,2,"$135,572,177",$0.17,7/31/2024,
2025-08-13,ATLN,,time-not-supplied,,1,"$123,756,035",($0.72),N/A,
2025-08-13,GAUZ,,time-pre-market,,1,"$123,553,894",($0.88),8/08/2024,
2025-08-13,CAAS,,time-pre-market,,1,"$121,286,222",$0.24,N/A,
2025-08-13,IKT,,time-not-supplied,,1,"$112,255,725",($0.66),8/14/2024,
2025-08-13,BSGM,,time-not-supplied,,1,"$111,634,930",($0.30),8/14/2024,
2025-08-13,CLYM,,time-not-supplied,,2,"$111,500,016",($1.81),8/14/2024,
2025-08-13,MBOT,,time-not-supplied,,1,"$105,131,877",($0.17),8/14/2024,
2025-08-13,RRGB,,time-after-hours,,2,"$104,464,545",($0.48),8/22/2024,
2025-08-13,HYPR,,time-after-hours,,1,"$101,191,805",($0.14),8/08/2024,
2025-08-13,DGXX,,time-not-supplied,,1,"$100,209,721",($0.16),8/14/2024,
2025-08-13,GRYP,,time-not-supplied,,N/A,"$93,599,452",($0.10),8/14/2024,
2025-08-13,IVVD,,time-not-supplied,,2,"$92,346,320",($0.40),8/14/2024,
2025-08-13,FOSL,,time-after-hours,,1,"$92,251,077",($0.47),N/A,
2025-08-13,LUCD,,time-pre-market,,1,"$90,758,586",($0.23),8/12/2024,
2025-08-13,MHH,,time-pre-market,,2,"$85,696,056",$0.16,8/07/2024,
2025-08-13,ORMP,,time-not-supplied,,1,"$85,377,451",$0.22,8/14/2024,
2025-08-13,UONE,,time-pre-market,,1,"$74,119,033",$0.57,N/A,
2025-08-13,BRLS,,time-not-supplied,,1,"$73,767,389",($0.29),N/A,
2025-08-13,DTI,,time-after-hours,,1,"$71,541,401",$0.10,8/06/2024,
2025-08-13,ODYS,,time-not-supplied,,1,"$70,160,757",($0.21),N/A,
2025-08-13,FSI,,time-not-supplied,,1,"$69,687,901",$0.10,8/14/2024,
2025-08-13,FBRX,,time-not-supplied,,2,"$69,191,345",($6.75),8/14/2024,
2025-08-13,MGX,,time-not-supplied,,3,"$68,408,136",($0.29),8/14/2024,
2025-08-13,ATPC,,time-not-supplied,,1,"$68,007,318",($0.20),N/A,
2025-08-13,AMPG,,time-not-supplied,,1,"$67,687,128",($0.16),N/A,
2025-08-13,AFJK,,time-not-supplied,,1,"$67,260,000",N/A,N/A,
2025-08-13,OTLK,,time-not-supplied,,3,"$65,793,325",($0.83),8/14/2024,
2025-08-13,VHC,,time-not-supplied,,1,"$65,698,006",($1.07),N/A,
2025-08-13,CPBI,,time-not-supplied,,1,"$64,459,430",$0.24,N/A,
2025-08-13,PYXS,,time-not-supplied,,4,"$64,425,572",($0.29),8/14/2024,
2025-08-13,APLT,,time-not-supplied,,2,"$63,581,569",($0.13),8/07/2024,
2025-08-13,ILLR,,time-not-supplied,,1,"$62,793,178",($0.29),N/A,
2025-08-13,CUE,,time-not-supplied,,1,"$62,645,891",($0.20),8/14/2024,
2025-08-13,PVL,,time-not-supplied,,1,"$60,555,000",N/A,N/A,
2025-08-13,FORA,,time-after-hours,,1,"$60,211,103",($0.08),8/14/2024,
2025-08-13,KPLT,,time-pre-market,,N/A,"$60,077,400",($1.61),8/14/2024,
2025-08-13,OPTX,,time-not-supplied,,1,"$59,801,874",$0.01,N/A,
2025-08-13,SURG,,time-after-hours,,2,"$59,397,608",($0.66),8/13/2024,
2025-08-13,AIRT,,time-not-supplied,,1,"$59,349,952",($0.12),N/A,
2025-08-13,LVO,,time-pre-market,,2,"$58,383,739",($0.02),8/13/2024,
2025-08-13,PED,,time-not-supplied,,1,"$55,488,676",$0.03,8/14/2024,
2025-08-13,ANVS,,time-not-supplied,,1,"$54,951,171",($0.44),8/14/2024,
2025-08-13,GDC,,time-not-supplied,,1,"$54,585,157",($0.39),N/A,
2025-08-13,INLX,,time-after-hours,,1,"$49,508,406",$0.02,8/13/2024,
2025-08-13,ABVC,,time-not-supplied,,1,"$49,481,120",($0.09),N/A,
2025-08-13,PDSB,,time-pre-market,,2,"$49,366,800",($0.23),8/13/2024,
2025-08-13,UNCY,,time-not-supplied,,4,"$48,372,341",($1.50),8/14/2024,
2025-08-13,MLSS,,time-not-supplied,,1,"$47,102,087",N/A,N/A,
2025-08-13,SMXT,,time-not-supplied,,1,"$46,933,531",($0.05),N/A,
2025-08-13,OSTX,,time-not-supplied,,1,"$46,923,154",($0.26),8/14/2024,
2025-08-13,BRFH,,time-after-hours,,1,"$46,406,937",($0.07),8/14/2024,
2025-08-13,AAME,,time-not-supplied,,1,"$45,893,763",($0.06),N/A,
2025-08-13,ICCM,,time-pre-market,,1,"$44,864,873",($0.06),8/20/2024,
2025-08-13,FOXX,,time-not-supplied,,1,"$44,819,746",($0.14),N/A,
2025-08-13,SHOT,,time-not-supplied,,1,"$41,963,580",($0.16),N/A,
2025-08-13,HYPD,,time-after-hours,,N/A,"$41,053,653",($14.40),8/12/2024,
2025-08-13,PODC,,time-pre-market,,2,"$40,264,967",($0.06),8/13/2024,
2025-08-13,NRXP,,time-not-supplied,,1,"$40,110,925",($0.75),N/A,
2025-08-13,KSCP,,time-not-supplied,,2,"$39,889,081",($2.50),8/14/2024,
2025-08-13,MCVT,,time-not-supplied,,1,"$34,497,178",$0.07,N/A,
2025-08-13,CLNN,,time-not-supplied,,2,"$34,314,094",($1.06),8/07/2024,
2025-08-13,NIXX,,time-not-supplied,,1,"$33,346,745",($0.35),N/A,
2025-08-13,TOON,,time-not-supplied,,1,"$32,977,667",($0.15),N/A,
2025-08-13,PYPD,,time-pre-market,,2,"$32,916,620",($1.25),8/14/2024,
2025-08-13,MODV,,time-not-supplied,,3,"$32,583,171",($0.14),8/07/2024,
2025-08-13,BEAT,,time-after-hours,,1,"$31,852,125",($0.19),N/A,
2025-08-13,CSAI,,time-pre-market,,1,"$31,437,290",N/A,N/A,
2025-08-13,CRWS,,time-pre-market,,1,"$30,064,660",($0.03),N/A,
2025-08-13,DMYY,,time-not-supplied,,1,"$29,816,422",($0.08),N/A,
2025-08-13,CISO,,time-not-supplied,,1,"$29,799,959",($0.40),N/A,
2025-08-13,MRSN,,time-pre-market,,4,"$29,761,966",$5,8/13/2024,
2025-08-13,UONEK,,time-pre-market,,1,"$29,684,147",$0.57,N/A,
2025-08-13,MBBC,,time-not-supplied,,1,"$29,478,403",N/A,N/A,
2025-08-13,TLF,,time-not-supplied,,1,"$29,369,163",$0.01,N/A,
2025-08-13,RDI,,time-not-supplied,,1,"$28,545,070",($0.42),N/A,
2025-08-13,FMST,,time-not-supplied,,1,"$28,351,910",($0.12),N/A,
2025-08-13,UAVS,,time-not-supplied,,1,"$28,269,226",$12,N/A,
2025-08-13,LOCL,,time-pre-market,,1,"$27,724,440",$3,8/13/2024,
2025-08-13,DVLT,,time-not-supplied,,1,"$27,664,136",($1.50),N/A,
2025-08-13,VBIX,,time-not-supplied,,1,"$27,539,029",($0.68),N/A,
2025-08-13,GBIO,,time-not-supplied,,3,"$27,189,200",($3.10),8/07/2024,
2025-08-13,XOS,,time-after-hours,,2,"$27,179,233",($1.23),8/13/2024,
2025-08-13,SGRP,,time-not-supplied,,1,"$27,013,215",N/A,8/14/2024,
2025-08-13,VVOS,,time-not-supplied,,1,"$26,974,002",($0.60),8/14/2024,
2025-08-13,CREX,,time-pre-market,,1,"$26,402,519",($0.06),8/14/2024,
2025-08-13,GTEC,,time-not-supplied,,N/A,"$26,091,339",$0.20,8/14/2024,
2025-08-13,MSAI,,time-not-supplied,,1,"$26,080,275",($0.43),8/14/2024,
2025-08-13,RNTX,,time-not-supplied,,1,"$25,698,334",($0.45),8/14/2024,
2025-08-13,NVFY,,time-not-supplied,,1,"$24,950,056",($0.22),N/A,
2025-08-13,RVP,,time-not-supplied,,1,"$24,428,722",($0.48),N/A,
2025-08-13,SDST,,time-after-hours,,1,"$24,142,539",($0.24),8/14/2024,
2025-08-13,NCRA,,time-not-supplied,,1,"$24,137,466",($0.03),N/A,
2025-08-13,PSTV,,time-not-supplied,,2,"$22,901,938",($0.71),8/14/2024,
2025-08-13,JOB,,time-after-hours,,1,"$22,648,542",($0.04),N/A,
2025-08-13,BNC,,time-not-supplied,,1,"$21,936,140",($0.66),8/14/2024,
2025-08-13,ELBM,,time-not-supplied,,N/A,"$21,553,408",($0.28),8/14/2024,
2025-08-13,BOF,,time-not-supplied,,1,"$21,469,883",($0.22),N/A,
2025-08-13,CVM,,time-not-supplied,,N/A,"$21,333,062",($4.20),8/14/2024,
2025-08-13,RMSG,,time-not-supplied,,1,"$21,152,531",$0.02,N/A,
2025-08-13,RVPH,,time-not-supplied,,3,"$20,916,127",($0.26),8/14/2024,
2025-08-13,BATL,,time-not-supplied,,1,"$20,899,835",($0.80),N/A,
2025-08-13,GREE,,time-not-supplied,,1,"$20,842,265",($0.55),N/A,
2025-08-13,ALUR,,time-pre-market,,2,"$19,464,748",$0.25,8/13/2024,
2025-08-13,MSGM,,time-after-hours,,1,"$19,068,885",$0.87,N/A,
2025-08-13,LIQT,,time-pre-market,,1,"$18,266,682",($0.36),8/14/2024,
2025-08-13,WKSP,,time-pre-market,,1,"$18,148,454",($1.50),8/13/2024,
2025-08-13,ASBP,,time-not-supplied,,1,"$18,111,647",N/A,N/A,
2025-08-13,MGRX,,time-not-supplied,,1,"$18,095,798",($1.35),N/A,
2025-08-13,AIRE,,time-not-supplied,,1,"$17,424,606",($0.03),8/14/2024,
2025-08-13,TAOX,,time-not-supplied,,1,"$17,209,019",($1.18),N/A,
2025-08-13,BTCT,,time-not-supplied,,N/A,"$17,018,036",($0.27),8/14/2024,
2025-08-13,BLIN,,time-not-supplied,,1,"$16,921,555",($0.03),8/14/2024,
2025-08-13,KNW,,time-not-supplied,,1,"$16,795,404",$2,N/A,
2025-08-13,KAPA,,time-not-supplied,,1,"$16,596,566",N/A,N/A,
2025-08-13,COCP,,time-not-supplied,,3,"$16,278,064",($0.53),8/14/2024,
2025-08-13,HUSA,,time-not-supplied,,1,"$16,141,439",($0.10),N/A,
2025-08-13,AMS,,time-pre-market,,1,"$15,996,000",$0.13,8/14/2024,
2025-08-13,TRIB,,time-not-supplied,,1,"$15,527,925",($0.55),8/14/2024,
2025-08-13,NCL,,time-not-supplied,,1,"$14,844,714",($0.04),N/A,
2025-08-13,FORD,,time-not-supplied,,1,"$14,699,271",($0.34),N/A,
2025-08-13,OP,,time-not-supplied,,1,"$14,633,123",($1.16),N/A,
2025-08-13,PHGE,,time-pre-market,,1,"$14,396,971",$0.70,8/14/2024,
2025-08-13,CYCC,,time-not-supplied,,1,"$14,334,883",($99.99),N/A,
2025-08-13,BNAI,,time-not-supplied,,1,"$13,627,639",($0.19),N/A,
2025-08-13,MRKR,,time-not-supplied,,1,"$13,464,654",($0.25),8/14/2024,
2025-08-13,TAIT,,time-not-supplied,,1,"$12,885,325",$0.07,N/A,
2025-08-13,PLAG,,time-not-supplied,,1,"$12,744,750",($0.29),N/A,
2025-08-13,AIRI,,time-not-supplied,,1,"$12,534,909",$0.09,8/14/2024,
2025-08-13,DLPN,,time-after-hours,,1,"$12,508,293",($0.16),N/A,
2025-08-13,BFRG,,time-not-supplied,,1,"$11,957,717",($0.20),N/A,
2025-08-13,PRPH,,time-pre-market,,1,"$11,702,157",($0.33),8/14/2024,
2025-08-13,XTIA,,time-not-supplied,,1,"$11,191,821",($99.99),N/A,
2025-08-13,ATER,,time-after-hours,,1,"$11,025,934",($0.52),N/A,
2025-08-13,VS,,time-not-supplied,,1,"$10,832,706",($0.54),N/A,
2025-08-13,MTR,,time-not-supplied,,1,"$10,678,371",$0.12,N/A,
2025-08-13,TNON,,time-after-hours,,1,"$10,474,159",($8.16),N/A,
2025-08-13,GP,,time-not-supplied,,1,"$10,464,939",($0.21),8/14/2024,
2025-08-13,HTCR,,time-not-supplied,,1,"$10,437,217",($0.09),8/14/2024,
2025-08-13,LGVN,,time-after-hours,,3,"$10,435,970",($1.83),8/14/2024,
2025-08-13,BURU,,time-not-supplied,,1,"$10,331,340",($1.40),N/A,
2025-08-13,PHIO,,time-not-supplied,,1,"$10,220,068",($3.62),8/14/2024,
2025-08-13,LVLU,,time-after-hours,,1,"$10,013,866",($3.90),N/A,
2025-08-13,BGLC,,time-not-supplied,,1,"$9,773,488",$0.10,N/A,
2025-08-13,VRME,,time-pre-market,,1,"$9,725,302",($0.03),8/13/2024,
2025-08-13,SONN,,time-not-supplied,,N/A,"$9,719,037",($5.60),8/14/2024,
2025-08-13,MSN,,time-not-supplied,,1,"$9,349,250",($0.05),N/A,
2025-08-13,RNAZ,,time-not-supplied,,1,"$9,161,484",($99.99),N/A,
2025-08-13,DWTX,,time-pre-market,,2,"$9,116,272",($1.25),8/08/2024,
2025-08-13,LYRA,,time-not-supplied,,2,"$8,840,051",($14.50),8/14/2024,
2025-08-13,PMNT,,time-not-supplied,,1,"$8,796,685",($0.22),N/A,
2025-08-13,BFRI,,time-after-hours,,1,"$8,663,107",($1.12),8/14/2024,
2025-08-13,YCBD,,time-not-supplied,,1,"$8,654,962",($1.20),N/A,
2025-08-13,AREB,,time-not-supplied,,1,"$8,369,069",($99.99),N/A,
2025-08-13,CARV,,time-not-supplied,,1,"$8,271,081",($0.43),N/A,
2025-08-13,ICU,,time-after-hours,,1,"$8,218,596",($1.03),N/A,
2025-08-13,MTNB,,time-not-supplied,,1,"$8,139,176",$1,N/A,
2025-08-13,SSKN,,time-after-hours,,N/A,"$7,921,869",($0.03),8/14/2024,
2025-08-13,CLRO,,time-not-supplied,,1,"$7,901,869",($1.80),N/A,
2025-08-13,JTAI,,time-not-supplied,,1,"$7,806,843",($56.82),N/A,
2025-08-13,BIAF,,time-not-supplied,,1,"$7,602,600",($0.19),N/A,
2025-08-13,SHFS,,time-not-supplied,,1,"$7,350,969",$0.40,N/A,
2025-08-13,IBO,,time-not-supplied,,1,"$6,758,162",N/A,N/A,
2025-08-13,HCWB,,time-not-supplied,,1,"$6,677,976",$16,N/A,
2025-08-13,EVTV,,time-not-supplied,,1,"$6,425,535",($0.50),N/A,
2025-08-13,STRR,,time-pre-market,,1,"$6,418,680",($0.29),8/13/2024,
2025-08-13,NITO,,time-not-supplied,,1,"$6,287,962",($0.23),N/A,
2025-08-13,XWEL,,time-not-supplied,,1,"$6,286,924",($0.48),N/A,
2025-08-13,SLNH,,time-not-supplied,,1,"$6,186,598",($1.74),8/14/2024,
2025-08-13,SQFT,,time-not-supplied,,1,"$5,897,308",($1.90),N/A,
2025-08-13,CMCT,,time-pre-market,,1,"$5,818,020",($22.06),N/A,
2025-08-13,STSS,,time-not-supplied,,1,"$5,798,554",($99.99),N/A,
2025-08-13,VYNE,,time-not-supplied,,2,"$5,681,062",($0.22),8/14/2024,
2025-08-13,MSPR,,time-not-supplied,,1,"$5,674,940",($37.25),N/A,
2025-08-13,GNLN,,time-not-supplied,,1,"$5,559,119",($99.99),N/A,
2025-08-13,NEHC,,time-not-supplied,,1,"$5,543,562",N/A,N/A,
2025-08-13,ASNS,,time-not-supplied,,1,"$5,345,077",$0.01,8/14/2024,
2025-08-13,NAAS,,time-not-supplied,,1,"$5,278,314",($6.72),N/A,
2025-08-13,BOXL,,time-not-supplied,,1,"$5,210,165",($0.90),N/A,
2025-08-13,ONFO,,time-not-supplied,,1,"$5,024,848",($0.17),N/A,
2025-08-13,IVDA,,time-not-supplied,,1,"$4,942,205",($0.24),N/A,
2025-08-13,ENSC,,time-not-supplied,,2,"$4,931,052",($3.30),8/14/2024,
2025-08-13,DYAI,,time-after-hours,,1,"$4,901,515",($0.07),8/13/2024,
2025-08-13,AQMS,,time-after-hours,,1,"$4,798,328",$10,N/A,
2025-08-13,OBLG,,time-not-supplied,,1,"$4,637,395",($1.60),N/A,
2025-08-13,BKYI,,time-pre-market,,1,"$4,523,737",$1,N/A,
2025-08-13,GTBP,,time-not-supplied,,1,"$4,500,331",($2.24),8/14/2024,
2025-08-13,OCTO,,time-not-supplied,,1,"$4,475,774",($1.45),N/A,
2025-08-13,OLB,,time-not-supplied,,1,"$4,436,322",($1.49),N/A,
2025-08-13,CPHI,,time-not-supplied,,1,"$4,403,703",($0.90),N/A,
2025-08-13,POLA,,time-not-supplied,,1,"$4,382,623",$0.21,N/A,
2025-08-13,ATXG,,time-not-supplied,,1,"$4,362,323",($0.25),N/A,
2025-08-13,MOVE,,time-not-supplied,,1,"$4,337,578",($0.90),N/A,
2025-08-13,ACON,,time-not-supplied,,1,"$4,244,320",($99.99),8/14/2024,
2025-08-13,TCRT,,time-not-supplied,,1,"$4,164,383",($0.71),N/A,
2025-08-13,CERO,,time-not-supplied,,1,"$4,128,736",($99.99),N/A,
2025-08-13,DRMA,,time-not-supplied,,1,"$3,926,371",($41.80),N/A,
2025-08-13,XPON,,time-after-hours,,1,"$3,914,383",$26,8/14/2024,
2025-08-13,SGBX,,time-not-supplied,,1,"$3,443,045",($2.73),N/A,
2025-08-13,CWD,,time-after-hours,,1,"$3,372,317",($4.40),8/12/2024,
2025-08-13,AEMD,,time-after-hours,,1,"$3,205,792",($2.72),8/14/2024,
2025-08-13,NDRA,,time-not-supplied,,1,"$3,123,305",($99.99),8/14/2024,
2025-08-13,XRTX,,time-not-supplied,,1,"$3,118,863",$0.06,N/A,
2025-08-13,SBEV,,time-not-supplied,,N/A,"$3,046,878",($3.60),8/14/2024,
2025-08-13,CNSP,,time-not-supplied,,1,"$3,017,776",($99.99),N/A,
2025-08-13,CREG,,time-not-supplied,,1,"$2,942,781",($0.50),N/A,
2025-08-13,QLGN,,time-not-supplied,,1,"$2,829,372",$10,N/A,
2025-08-13,AMZE,,time-not-supplied,,1,"$2,689,218",($1.38),N/A,
2025-08-13,ELAB,,time-not-supplied,,1,"$2,654,493",($99.99),N/A,
2025-08-13,XAGE,,time-not-supplied,,1,"$2,620,427",($4.80),N/A,
2025-08-13,SOAR,,time-not-supplied,,1,"$2,517,717",($12.25),N/A,
2025-08-13,BENF,,time-not-supplied,,2,"$2,453,081",$0.17,8/14/2024,
2025-08-13,XELB,,time-not-supplied,,1,"$2,428,584",($0.10),8/14/2024,
2025-08-13,AIHS,,time-not-supplied,,1,"$2,404,957",($0.60),N/A,
2025-08-13,CETX,,time-not-supplied,,1,"$2,248,572",($99.99),N/A,
2025-08-13,DFSC,,time-not-supplied,,1,"$2,110,849",($21.01),N/A,
2025-08-13,SXTP,,time-not-supplied,,1,"$2,032,590",($21.15),8/14/2024,
2025-08-13,AIM,,time-not-supplied,,1,"$1,979,379",$3,8/14/2024,
2025-08-13,PTIX,,time-not-supplied,,1,"$1,649,096",($5.04),N/A,
2025-08-13,IVF,,time-not-supplied,,1,"$1,624,476",($22.33),N/A,
2025-08-13,RSLS,,time-not-supplied,,1,"$1,387,961",($87.21),N/A,
2025-08-13,MYSE,,time-not-supplied,,1,,($0.33),N/A,
2025-08-14,AMAT,,time-after-hours,,11,"$147,964,621,250",$2.12,8/15/2024,
2025-08-14,DE,,time-pre-market,,11,"$137,303,900,344",$6.29,8/15/2024,
2025-08-14,NTES,,time-pre-market,,2,"$81,606,594,842",$1.43,8/22/2024,
2025-08-14,NU,,time-after-hours,,3,"$57,438,410,989",$0.12,8/13/2024,
2025-08-14,JD,,time-pre-market,,2,"$45,313,721,668",$1.24,8/15/2024,
2025-08-14,BAP,,time-after-hours,,3,"$23,520,073,396",$4.49,8/08/2024,
2025-08-14,TPR,,time-pre-market,,7,"$22,422,228,270",$0.92,8/15/2024,
2025-08-14,AMCR,,time-pre-market,,5,"$13,933,108,564",$0.21,8/15/2024,
2025-08-14,AIT,,time-pre-market,,4,"$9,997,599,109",$2.64,8/15/2024,
2025-08-14,NICE,,time-pre-market,,7,"$9,149,089,790",$2.12,8/15/2024,
2025-08-14,VIPS,,time-pre-market,,2,"$9,068,082,107",$0.48,8/20/2024,
2025-08-14,BIRK,,time-pre-market,,7,"$8,929,400,263",$0.49,8/29/2024,
2025-08-14,ZK,,time-pre-market,,N/A,"$7,488,646,978",($1.31),8/21/2024,
2025-08-14,SNDK,,time-after-hours,,1,"$6,301,627,085",N/A,N/A,
2025-08-14,CIG,,time-pre-market,,N/A,"$5,523,239,057",$0.07,8/13/2024,
2025-08-14,NIQ,,time-pre-market,,1,"$5,059,250,000",N/A,N/A,
2025-08-14,QFIN,,time-after-hours,,2,"$4,357,002,000",$1.22,8/13/2024,
2025-08-14,AG,,time-pre-market,,2,"$4,235,320,725",($0.07),8/01/2024,
2025-08-14,GLNG,,time-pre-market,,2,"$4,198,499,962",$0.42,8/15/2024,
2025-08-14,AAP,,time-pre-market,,12,"$3,557,185,812",$0.75,8/22/2024,
2025-08-14,GLOB,,time-after-hours,,6,"$3,284,477,260",$1.16,8/15/2024,
2025-08-14,CLBT,,time-pre-market,,2,"$3,237,635,238",$0.10,8/15/2024,
2025-08-14,MH,,time-pre-market,,1,"$2,484,929,762",N/A,N/A,
2025-08-14,WB,,time-pre-market,,N/A,"$2,382,149,974",$0.42,8/22/2024,
2025-08-14,QUBT,,time-after-hours,,1,"$2,319,272,203",($0.06),10/02/2024,
2025-08-14,TMC,,time-after-hours,,1,"$1,937,695,111",($0.06),8/14/2024,
2025-08-14,CSAN,,time-after-hours,,N/A,"$1,914,404,342",($0.09),8/14/2024,
2025-08-14,TRMD,,time-pre-market,,1,"$1,814,450,646",$2.02,8/15/2024,
2025-08-14,SKE,,time-not-supplied,,1,"$1,807,279,927",($0.28),8/08/2024,
2025-08-14,CELC,,time-after-hours,,5,"$1,766,844,264",($0.62),8/14/2024,
2025-08-14,XNET,,time-pre-market,,1,"$1,384,659,870",$0.04,N/A,
2025-08-14,NNE,,time-after-hours,,2,"$1,317,419,720",($0.17),8/14/2024,
2025-08-14,EVLV,,time-after-hours,,1,"$1,187,332,886",$0.02,8/08/2024,
2025-08-14,JCAP,,time-after-hours,,1,"$1,132,286,936",N/A,N/A,
2025-08-14,DAO,,time-pre-market,,1,"$1,051,013,699",($0.12),N/A,
2025-08-14,SPTN,,time-pre-market,,1,"$899,729,624",$0.59,8/15/2024,
2025-08-14,SLSR,,time-not-supplied,,N/A,"$877,296,520",($0.12),8/08/2024,
2025-08-14,PBT,,time-not-supplied,,1,"$763,452,078",$0.18,N/A,
2025-08-14,SGML,,time-after-hours,,N/A,"$743,363,620",($0.10),8/15/2024,
2025-08-14,BTBT,,time-after-hours,,4,"$623,342,613",($0.01),8/19/2024,
2025-08-14,VENU,,time-after-hours,,1,"$614,831,679",N/A,N/A,
2025-08-14,TRML,,time-not-supplied,,7,"$539,201,174",($0.68),8/08/2024,
2025-08-14,NUTX,,time-after-hours,,1,"$498,851,809",($0.07),N/A,
2025-08-14,NLOP,,time-not-supplied,,1,"$490,642,164",$1.18,N/A,
2025-08-14,PVLA,,time-pre-market,,5,"$461,131,787",($2.76),8/14/2024,
2025-08-14,NEON,,time-not-supplied,,N/A,"$395,069,984",($0.11),8/08/2024,
2025-08-14,GAMB,,time-after-hours,,1,"$347,628,990",$0.20,8/15/2024,
2025-08-14,AURA,,time-not-supplied,,3,"$343,838,305",($0.41),8/08/2024,
2025-08-14,GRRR,,time-pre-market,,1,"$340,340,333",N/A,N/A,
2025-08-14,BZAI,,time-after-hours,,1,"$334,540,084",N/A,N/A,
2025-08-14,ISSC,,time-pre-market,,1,"$325,852,909",$0.11,8/09/2024,
2025-08-14,STRT,,time-after-hours,,1,"$310,065,257",$2.39,8/08/2024,
2025-08-14,CAN,,time-pre-market,,3,"$306,540,240",($0.15),8/15/2024,
2025-08-14,ICG,,time-after-hours,,1,"$299,871,243",$0.12,N/A,
2025-08-14,ALLT,,time-pre-market,,1,"$296,108,392",($0.08),8/27/2024,
2025-08-14,VOR,,time-not-supplied,,3,"$248,669,445",($0.41),8/08/2024,
2025-08-14,UMAC,,time-after-hours,,1,"$247,308,493",($0.16),8/14/2024,
2025-08-14,DMRC,,time-after-hours,,1,"$237,287,531",($0.23),N/A,
2025-08-14,LIEN,,time-pre-market,,2,"$235,734,815",$0.25,8/08/2024,
2025-08-14,FENC,,time-pre-market,,2,"$227,650,500",($0.20),8/13/2024,
2025-08-14,KG,,time-not-supplied,,1,"$224,678,405",($2.20),N/A,
2025-08-14,ARAI,,time-after-hours,,1,"$223,669,285",N/A,N/A,
2025-08-14,STRZ,,time-after-hours,,1,"$218,140,858",N/A,N/A,
2025-08-14,CCRD,,time-not-supplied,,1,"$213,588,605",$0.11,8/01/2024,
2025-08-14,MDWD,,time-pre-market,,5,"$210,633,060",($0.68),8/14/2024,
2025-08-14,KULR,,time-after-hours,,2,"$203,029,425",($0.24),8/12/2024,
2025-08-14,PEW,,time-after-hours,,1,"$194,348,000",N/A,N/A,
2025-08-14,CV,,time-after-hours,,1,"$189,446,669",N/A,N/A,
2025-08-14,SWKH,,time-after-hours,,1,"$180,056,585",$0.46,N/A,
2025-08-14,PROF,,time-after-hours,,2,"$169,134,968",($0.28),8/08/2024,
2025-08-14,CYBN,,time-not-supplied,,1,"$167,413,538",($0.38),8/08/2024,
2025-08-14,ACOG,,time-after-hours,,1,"$160,037,672",($0.25),N/A,
2025-08-14,VUZI,,time-after-hours,,1,"$152,484,830",($0.62),N/A,
2025-08-14,BKTI,,time-pre-market,,1,"$147,200,912",$0.47,N/A,
2025-08-14,FTLF,,time-after-hours,,1,"$146,782,455",$0.26,8/14/2024,
2025-08-14,POWW,,time-not-supplied,,1,"$135,848,559",$0.01,8/08/2024,
2025-08-14,STG,,time-pre-market,,1,"$134,892,155",$0.83,N/A,
2025-08-14,ORGN,,time-after-hours,,N/A,"$131,381,611",($0.14),8/14/2024,
2025-08-14,PLX,,time-pre-market,,2,"$128,167,455",($0.03),8/14/2024,
2025-08-14,SAVA,,time-not-supplied,,1,"$108,692,766",($1.28),N/A,
2025-08-14,CSPI,,time-pre-market,,1,"$105,831,074",($0.02),N/A,
2025-08-14,AFCG,,time-pre-market,,2,"$104,845,472",$0.54,8/07/2024,
2025-08-14,BRAG,,time-pre-market,,N/A,"$102,778,726",($0.11),8/08/2024,
2025-08-14,CNVS,,time-after-hours,,1,"$94,778,663",($0.20),N/A,
2025-08-14,LODE,,time-after-hours,,1,"$87,268,357",($0.60),8/08/2024,
2025-08-14,MIST,,time-not-supplied,,4,"$82,869,623",($0.14),8/08/2024,
2025-08-14,LGO,,time-not-supplied,,N/A,"$82,404,480",($0.23),8/08/2024,
2025-08-14,BLNE,,time-after-hours,,N/A,"$81,431,532",($8.70),8/14/2024,
2025-08-14,ELUT,,time-after-hours,,N/A,"$80,997,858",($1.14),8/07/2024,
2025-08-14,LNZA,,time-not-supplied,,2,"$79,679,974",($0.14),8/08/2024,
2025-08-14,FURY,,time-not-supplied,,N/A,"$78,667,065",($0.02),8/08/2024,
2025-08-14,GNSS,,time-after-hours,,2,"$73,601,842",($0.15),8/06/2024,
2025-08-14,DUOT,,time-after-hours,,2,"$70,622,664",($0.43),8/13/2024,
2025-08-14,ELTK,,time-pre-market,,1,"$69,053,901",$0.11,N/A,
2025-08-14,SHIM,,time-after-hours,,1,"$68,155,105",($1.83),8/15/2024,
2025-08-14,WRAP,,time-after-hours,,1,"$65,750,318",($0.02),N/A,
2025-08-14,MNOV,,time-not-supplied,,1,"$65,687,637",($0.05),8/08/2024,
2025-08-14,VNRX,,time-after-hours,,1,"$63,874,060",($0.08),8/14/2024,
2025-08-14,ICCC,,time-after-hours,,1,"$60,189,064",($0.20),N/A,
2025-08-14,BHM,,time-not-supplied,,1,"$55,255,710",($0.02),N/A,
2025-08-14,HOWL,,time-not-supplied,,5,"$52,950,902",($0.43),8/08/2024,
2025-08-14,ZSPC,,time-after-hours,,1,"$52,399,049",N/A,N/A,
2025-08-14,AUID,,time-after-hours,,1,"$51,086,212",($0.34),N/A,
2025-08-14,VTVT,,time-not-supplied,,1,"$49,430,128",($0.81),8/08/2024,
2025-08-14,INKT,,time-pre-market,,3,"$48,704,729",($0.70),8/13/2024,
2025-08-14,CBUS,,time-after-hours,,3,"$48,138,376",($1.14),8/08/2024,
2025-08-14,PIII,,time-after-hours,,1,"$47,440,912",($7.50),8/07/2024,
2025-08-14,LTRN,,time-not-supplied,,1,"$46,697,859",($0.46),8/08/2024,
2025-08-14,GANX,,time-not-supplied,,3,"$43,154,154",($0.42),8/08/2024,
2025-08-14,IPSC,,time-not-supplied,,4,"$42,183,328",($0.38),8/08/2024,
2025-08-14,RNXT,,time-after-hours,,2,"$40,778,039",($0.10),8/13/2024,
2025-08-14,KORE,,time-after-hours,,1,"$40,669,345",($0.99),8/15/2024,
2025-08-14,NMTC,,time-pre-market,,N/A,"$36,773,483",($0.10),8/14/2024,
2025-08-14,SNYR,,time-pre-market,,1,"$36,666,161",N/A,N/A,
2025-08-14,PPSI,,time-after-hours,,1,"$35,584,851",($0.21),10/08/2024,
2025-08-14,STTK,,time-not-supplied,,3,"$35,407,118",($0.42),8/01/2024,
2025-08-14,XLO,,time-not-supplied,,2,"$35,222,302",($0.24),8/08/2024,
2025-08-14,BEEM,,time-after-hours,,2,"$34,554,639",($0.14),8/13/2024,
2025-08-14,SCYX,,time-not-supplied,,1,"$34,337,841",($0.30),8/08/2024,
2025-08-14,DTST,,time-pre-market,,1,"$33,379,000",($0.04),N/A,
2025-08-14,WYY,,time-after-hours,,2,"$32,667,161",($0.05),8/14/2024,
2025-08-14,RMTI,,time-pre-market,,1,"$32,264,322",$0.01,8/08/2024,
2025-08-14,IPWR,,time-pre-market,,1,"$32,216,553",($0.31),N/A,
2025-08-14,EQ,,time-not-supplied,,1,"$31,640,171",$0.01,8/08/2024,
2025-08-14,IGC,,time-not-supplied,,1,"$29,613,730",($0.03),8/08/2024,
2025-08-14,GAME,,time-after-hours,,1,"$29,609,561",($0.26),8/14/2024,
2025-08-14,CLIR,,time-after-hours,,1,"$28,308,167",($0.04),8/14/2024,
2025-08-14,BTCM,,time-after-hours,,1,"$28,236,116",N/A,N/A,
2025-08-14,SPCB,,time-pre-market,,1,"$24,574,990",$1.80,N/A,
2025-08-14,CMBM,,time-not-supplied,,3,"$23,363,278",($0.33),8/08/2024,
2025-08-14,GWH,,time-after-hours,,1,"$21,907,788",($1.80),8/14/2024,
2025-08-14,PRPO,,time-after-hours,,1,"$20,865,752",($0.83),N/A,
2025-08-14,SIDU,,time-after-hours,,1,"$20,684,066",($0.99),N/A,
2025-08-14,TOMZ,,time-not-supplied,,1,"$20,615,661",N/A,8/01/2024,
2025-08-14,PMN,,time-not-supplied,,1,"$20,528,811",($0.13),8/08/2024,
2025-08-14,CTRM,,time-not-supplied,,1,"$20,484,190",$0.97,N/A,
2025-08-14,NXPL,,time-pre-market,,1,"$19,472,288",$0.24,N/A,
2025-08-14,PASG,,time-not-supplied,,2,"$18,409,741",($5.20),8/08/2024,
2025-08-14,EVAX,,time-pre-market,,1,"$17,496,904",($0.60),8/14/2024,
2025-08-14,DARE,,time-after-hours,,2,"$17,435,260",$1.52,8/12/2024,
2025-08-14,MXC,,time-not-supplied,,1,"$17,063,640",$0.14,N/A,
2025-08-14,SYBX,,time-not-supplied,,1,"$16,144,508",$0.16,8/08/2024,
2025-08-14,BLRX,,time-pre-market,,1,"$13,842,131",$0.40,8/15/2024,
2025-08-14,OXBR,,time-after-hours,,1,"$12,615,753",($0.14),N/A,
2025-08-14,LMFA,,time-pre-market,,1,"$11,806,848",($1.65),8/14/2024,
2025-08-14,CARM,,time-not-supplied,,1,"$11,512,620",($0.27),N/A,
2025-08-14,SOWG,,time-pre-market,,1,"$10,074,008",$0.29,N/A,
2025-08-14,BNGO,,time-after-hours,,1,"$9,856,520",($14.37),8/07/2024,
2025-08-14,TRAW,,time-pre-market,,1,"$9,014,190",($99.99),N/A,
2025-08-14,BNZI,,time-after-hours,,2,"$8,985,657",$75,8/14/2024,
2025-08-14,TLPH,,time-after-hours,,1,"$8,611,454",($0.15),N/A,
2025-08-14,CODX,,time-after-hours,,1,"$8,512,414",($0.25),8/08/2024,
2025-08-14,NWTG,,time-pre-market,,1,"$8,129,043",($23.72),8/05/2024,
2025-08-14,CLRB,,time-pre-market,,1,"$8,045,458",($15.32),10/29/2024,
2025-08-14,PAVM,,time-pre-market,,1,"$7,926,353",($0.84),8/13/2024,
2025-08-14,LFWD,,time-pre-market,,1,"$7,553,410",($0.50),8/14/2024,
2025-08-14,HIHO,,time-not-supplied,,1,"$7,454,957",$0.02,N/A,
2025-08-14,SUNE,,time-after-hours,,1,"$5,109,921",($99.99),N/A,
2025-08-14,TRNR,,time-pre-market,,1,"$4,312,997",($99.99),N/A,
2025-08-14,EDBL,,time-pre-market,,1,"$3,906,423",$25,N/A,
2025-08-14,VERO,,time-after-hours,,1,"$3,504,031",($15.29),N/A,
2025-08-14,TIVC,,time-after-hours,,1,"$3,126,894",($5.44),N/A,
2025-08-14,SLE,,time-after-hours,,1,"$3,077,261",$24,8/14/2024,
2025-08-14,DFLI,,time-after-hours,,1,"$2,255,582",($1.98),8/14/2024,
2025-08-14,NVVE,,time-after-hours,,1,"$2,214,221",($6.70),N/A,
2025-08-14,APDN,,time-not-supplied,,1,"$2,125,000",$352.32,N/A,
2025-08-14,OTRK,,time-not-supplied,,1,"$1,539,515",($2.85),8/08/2024,
2025-08-14,XXII,,time-pre-market,,N/A,"$1,150,761",($99.99),8/13/2024,
2025-08-14,NUWE,,time-pre-market,,N/A,"$645,564",($99.99),8/13/2024,
2025-08-14,TIC,,time-pre-market,,1,,N/A,N/A,
2025-08-15,RNA,,time-not-supplied,,5,"$5,889,749,768",($0.65),8/09/2024,
2025-08-15,FLO,,time-pre-market,,4,"$3,418,330,453",$0.36,8/16/2024,
2025-08-15,SBET,,time-pre-market,,5,"$1,387,569,380",($3.24),N/A,
2025-08-15,PPTA,,time-not-supplied,,1,"$1,242,709,588",($0.06),8/09/2024,
2025-08-15,NFE,,time-not-supplied,,3,"$718,399,536",($0.41),8/09/2024,
2025-08-15,PROK,,time-not-supplied,,3,"$660,045,319",($0.16),8/09/2024,
2025-08-15,FUFU,,time-pre-market,,4,"$657,319,658",$0.01,8/20/2024,
2025-08-15,SY,,time-pre-market,,5,"$463,205,956",$0.02,N/A,
2025-08-15,YORW,,time-not-supplied,,1,"$445,256,565",$0.35,8/02/2024,
2025-08-15,HSHP,,time-not-supplied,,5,"$334,694,500",$0.16,N/A,
2025-08-15,BRT,,time-not-supplied,,1,"$282,785,873",$0.35,8/09/2024,
2025-08-15,LWLG,,time-not-supplied,,5,"$271,339,311",($0.05),N/A,
2025-08-15,AMBI,,time-not-supplied,,5,"$255,531,613",$0.24,N/A,
2025-08-15,SNFCA,,time-pre-market,,5,"$232,253,109",$0.29,N/A,
2025-08-15,TE,,time-pre-market,,5,"$193,363,234",($0.19),N/A,
2025-08-15,MNPR,,time-not-supplied,,3,"$191,650,807",($0.50),8/09/2024,
2025-08-15,LITB,,time-not-supplied,,5,"$148,951,416",$0.06,N/A,
2025-08-15,PNBK,,time-not-supplied,,5,"$129,641,439",($0.77),N/A,
2025-08-15,NA,,time-pre-market,,5,"$119,999,124",N/A,N/A,
2025-08-15,ATHR,,time-not-supplied,,5,"$102,255,757",N/A,N/A,
2025-08-15,KNDI,,time-not-supplied,,5,"$100,461,969",$0.02,N/A,
2025-08-15,NTHI,,time-not-supplied,,5,"$97,226,825",N/A,N/A,
2025-08-15,TOUR,,time-pre-market,,5,"$88,887,814",$0.03,N/A,
2025-08-15,CBAT,,time-not-supplied,,1,"$86,342,076",$0.07,8/09/2024,
2025-08-15,HOUR,,time-not-supplied,,5,"$64,343,148",$0.02,N/A,
2025-08-15,MVO,,time-not-supplied,,5,"$64,170,000",$0.33,N/A,
2025-08-15,NSTS,,time-not-supplied,,5,"$63,708,608",($0.07),N/A,
2025-08-15,GRO,,time-not-supplied,,5,"$61,846,117",N/A,N/A,
2025-08-15,BEDU,,time-not-supplied,,5,"$50,534,547",$0.20,N/A,
2025-08-15,OMEX,,time-not-supplied,,5,"$50,136,862",($0.07),N/A,
2025-08-15,KLRS,,time-not-supplied,,2,"$49,748,432",($1.15),8/09/2024,
2025-08-15,PRT,,time-not-supplied,,5,"$48,662,928",$0.11,N/A,
2025-08-15,VOC,,time-not-supplied,,5,"$47,430,000",$0.18,N/A,
2025-08-15,SLGL,,time-not-supplied,,5,"$45,137,702",$0.70,N/A,
2025-08-15,VIVK,,time-not-supplied,,5,"$45,107,480",($0.12),N/A,
2025-08-15,GRCE,,time-not-supplied,,N/A,"$41,591,879",($0.24),8/09/2024,
2025-08-15,SCNX,,time-not-supplied,,5,"$27,806,829",($1.04),N/A,
2025-08-15,CASI,,time-not-supplied,,1,"$26,802,338",($0.52),8/16/2024,
2025-08-15,ELSE,,time-not-supplied,,5,"$15,968,967",N/A,N/A,
2025-08-15,HOTH,,time-not-supplied,,1,"$15,322,341",($0.24),8/09/2024,
2025-08-15,GWAV,,time-not-supplied,,5,"$10,839,339",($11.84),N/A,
2025-08-15,LDWY,,time-not-supplied,,5,"$8,876,309",($0.46),N/A,
2025-08-15,SNGX,,time-not-supplied,,1,"$7,965,004",($1.31),8/09/2024,
2025-08-15,FRSX,,time-not-supplied,,5,"$6,793,008",($0.30),N/A,
2025-08-15,GNPX,,time-not-supplied,,N/A,"$5,917,556",$3,8/09/2024,
2025-08-15,EONR,,time-not-supplied,,5,"$5,614,493",($0.44),N/A,
2025-08-15,GPUS,,time-not-supplied,,5,"$4,947,175",($37.76),N/A,
2025-08-15,HCWC,,time-not-supplied,,5,"$4,859,630",N/A,N/A,
2025-08-15,SBFM,,time-not-supplied,,5,"$3,871,784",($9.94),N/A,
2025-08-15,FRGT,,time-not-supplied,,5,"$3,509,194",N/A,N/A,
2025-08-15,THAR,,time-not-supplied,,5,"$3,192,872",($2.42),N/A,
2025-08-15,CNET,,time-not-supplied,,5,"$3,064,975",($0.12),N/A,
2025-08-15,DGLY,,time-not-supplied,,5,"$3,003,286",($99.99),N/A,
2025-08-15,BBLG,,time-not-supplied,,1,"$1,286,611",($4.02),8/09/2024,
2025-08-15,SLRX,,time-not-supplied,,5,"$1,211,277",($2.37),N/A,
2025-08-18,PANW,,time-after-hours,,16,"$112,135,756,000",$0.43,8/19/2024,
2025-08-18,FN,,time-after-hours,,3,"$11,910,467,696",$2.22,8/19/2024,
2025-08-18,XP,,time-after-hours,,1,"$8,974,971,131",$0.39,8/13/2024,
2025-08-18,SNRE,,time-not-supplied,,3,"$5,288,512,874",N/A,N/A,
2025-08-18,TGS,,time-not-supplied,,1,"$4,353,969,971",$0.64,8/05/2024,
2025-08-18,HSAI,,time-not-supplied,,N/A,"$2,952,704,231",($0.05),8/19/2024,
2025-08-18,BTDR,,time-pre-market,,4,"$2,516,383,246",($0.03),8/12/2024,
2025-08-18,RSKD,,time-pre-market,,4,"$816,506,634",($0.04),8/14/2024,
2025-08-18,ASPI,,time-not-supplied,,N/A,"$744,613,473",($0.24),8/19/2024,
2025-08-18,LZM,,time-not-supplied,,1,"$369,459,694",($0.09),8/19/2024,
2025-08-18,API,,time-after-hours,,N/A,"$350,665,279",($0.10),8/19/2024,
2025-08-18,MLP,,time-not-supplied,,3,"$329,093,406",($0.09),N/A,
2025-08-18,AREN,,time-not-supplied,,3,"$319,609,597",($0.24),N/A,
2025-08-18,NYXH,,time-after-hours,,3,"$262,739,400",($0.46),8/06/2024,
2025-08-18,INV,,time-not-supplied,,3,"$252,460,028",($0.17),N/A,
2025-08-18,AVBH,,time-not-supplied,,1,"$182,970,288",$0.46,7/22/2024,
2025-08-18,FLXS,,time-after-hours,,1,"$181,452,636",$0.75,8/19/2024,
2025-08-18,CRGO,,time-not-supplied,,1,"$166,642,321",($0.11),8/19/2024,
2025-08-18,ELDN,,time-not-supplied,,4,"$162,279,610",($0.32),8/19/2024,
2025-08-18,AREC,,time-not-supplied,,1,"$134,107,766",($0.09),8/19/2024,
2025-08-18,VGZ,,time-not-supplied,,N/A,"$131,072,027",$0.12,7/29/2024,
2025-08-18,ZEO,,time-not-supplied,,3,"$117,838,580",($0.13),N/A,
2025-08-18,BTCS,,time-not-supplied,,1,"$97,038,794",($0.04),8/19/2024,
2025-08-18,BLNK,,time-after-hours,,2,"$91,479,877",($0.18),8/07/2024,
2025-08-18,EPIX,,time-not-supplied,,N/A,"$84,782,131",($0.16),8/05/2024,
2025-08-18,AGAE,,time-not-supplied,,3,"$58,549,078",($0.09),N/A,
2025-08-18,FLNT,,time-not-supplied,,1,"$48,099,728",($0.50),8/19/2024,
2025-08-18,AIFF,,time-not-supplied,,3,"$35,753,852",($0.58),N/A,
2025-08-18,AKTX,,time-not-supplied,,3,"$33,785,189",N/A,N/A,
2025-08-18,KLTO,,time-not-supplied,,3,"$27,035,332",($0.03),N/A,
2025-08-18,SEGG,,time-not-supplied,,3,"$21,360,048",($1.47),N/A,
2025-08-18,APUS,,time-not-supplied,,3,"$17,711,254",N/A,N/A,
2025-08-18,ALLR,,time-not-supplied,,1,"$14,310,514",($3.30),8/05/2024,
2025-08-18,CETY,,time-not-supplied,,3,"$14,141,754",($0.02),N/A,
2025-08-18,REBN,,time-not-supplied,,3,"$13,682,529",($0.48),N/A,
2025-08-18,AIMD,,time-not-supplied,,3,"$13,666,054",($2.45),N/A,
2025-08-18,YOSH,,time-not-supplied,,3,"$11,983,266",($0.20),N/A,
2025-08-18,IMG,,time-not-supplied,,3,"$10,493,376",($0.76),N/A,
2025-08-18,FTFT,,time-not-supplied,,3,"$8,853,917",($0.90),N/A,
2025-08-18,MIGI,,time-not-supplied,,1,"$8,706,682",($0.55),8/19/2024,
2025-08-18,UUU,,time-not-supplied,,3,"$7,794,429",($0.19),N/A,
2025-08-18,RIME,,time-not-supplied,,N/A,"$5,909,242",($99.99),8/19/2024,
2025-08-18,ECDA,,time-not-supplied,,N/A,"$5,573,242",($0.03),8/19/2024,
2025-08-18,SOPA,,time-not-supplied,,1,"$5,563,280",($0.73),8/19/2024,
2025-08-18,HCTI,,time-not-supplied,,3,"$5,068,663",$70,N/A,
2025-08-18,SGN,,time-not-supplied,,3,"$4,781,955",($0.08),N/A,
2025-08-18,VIVS,,time-not-supplied,,3,"$4,627,639",($2.76),N/A,
2025-08-18,ALBT,,time-not-supplied,,3,"$4,223,555",($2.85),N/A,
2025-08-18,ADTX,,time-not-supplied,,3,"$2,395,659",($99.99),N/A,
2025-08-18,WINT,,time-not-supplied,,N/A,"$1,998,332",($99.99),8/19/2024,
2025-08-18,TNFA,,time-not-supplied,,3,"$1,558,831",($1.81),N/A,
2025-08-18,FOXO,,time-not-supplied,,3,"$1,037,131",($4.78),N/A,
2025-08-19,HD,,time-pre-market,,11,"$385,564,442,027",$4.67,8/13/2024,
2025-08-19,MDT,,time-pre-market,,12,"$118,824,488,556",$1.23,8/20/2024,
2025-08-19,ALC,,time-after-hours,,7,"$41,884,110,316",$0.74,8/20/2024,
2025-08-19,KEYS,,time-after-hours,,3,"$27,793,859,640",$1.42,8/20/2024,
2025-08-19,VIK,,time-pre-market,,6,"$25,602,540,865",$0.76,8/22/2024,
2025-08-19,XPEV,,time-pre-market,,N/A,"$20,315,794,743",($0.19),8/20/2024,
2025-08-19,AS,,time-pre-market,,3,"$20,309,508,288",$0.05,8/20/2024,
2025-08-19,ZTO,,time-after-hours,,N/A,"$16,234,174,128",$0.47,8/20/2024,
2025-08-19,SQM,,time-after-hours,,4,"$13,110,775,387",$0.75,8/21/2024,
2025-08-19,TOL,,time-after-hours,,7,"$12,192,116,580",$3.60,8/20/2024,
2025-08-19,JHX,,time-after-hours,,3,"$12,043,522,244",$0.41,8/12/2024,
2025-08-19,JKHY,,time-after-hours,,4,"$11,542,790,101",$1.38,8/20/2024,
2025-08-19,SSL,,time-not-supplied,,1,"$3,082,290,034",N/A,N/A,
2025-08-19,PAGS,,time-not-supplied,,4,"$2,808,263,772",$0.32,8/20/2024,
2025-08-19,PINC,,time-pre-market,,1,"$1,921,872,433",$0.69,8/20/2024,
2025-08-19,FORTY,,time-not-supplied,,1,"$1,822,802,373",$1.20,N/A,
2025-08-19,LZB,,time-after-hours,,1,"$1,501,142,609",$0.62,8/20/2024,
2025-08-19,OPRA,,time-pre-market,,1,"$1,430,223,647",$0.22,8/22/2024,
2025-08-19,NMM,,time-not-supplied,,1,"$1,312,182,426",$3.06,8/20/2024,
2025-08-19,ITRN,,time-pre-market,,1,"$821,704,322",$0.66,N/A,
2025-08-19,YSG,,time-not-supplied,,N/A,"$821,213,032",($0.11),8/20/2024,
2025-08-19,JBSS,,time-not-supplied,,1,"$731,866,094",$0.86,N/A,
2025-08-19,XYF,,time-pre-market,,1,"$577,002,416",$1,N/A,
2025-08-19,YRD,,time-not-supplied,,1,"$490,788,829",$0.65,N/A,
2025-08-19,AUNA,,time-after-hours,,1,"$462,314,369",$0.03,8/21/2024,
2025-08-19,NNDM,,time-not-supplied,,1,"$288,987,023",($0.20),N/A,
2025-08-19,IMMR,,time-not-supplied,,1,"$228,070,881",$0.89,N/A,
2025-08-19,SOL,,time-not-supplied,,2,"$95,971,433",$0.01,8/20/2024,
2025-08-19,CCIF,,time-after-hours,,2,"$63,086,870",$0.32,8/21/2024,
2025-08-19,VEEA,,time-not-supplied,,1,"$46,689,132",N/A,N/A,
2025-08-19,LVTX,,time-not-supplied,,3,"$39,984,048",($0.31),8/20/2024,
2025-08-19,COSM,,time-not-supplied,,1,"$22,339,855",($0.09),N/A,
2025-08-19,WKHS,,time-not-supplied,,1,"$16,104,194",($17.50),8/20/2024,
2025-08-19,OSRH,,time-not-supplied,,1,"$11,365,706",N/A,N/A,
2025-08-19,XHLD,,time-not-supplied,,1,"$10,031,227",N/A,N/A,
2025-08-19,WETH,,time-not-supplied,,1,"$9,741,501",$0.23,N/A,
2025-08-19,EVGN,,time-pre-market,,1,"$7,882,653",($1.06),N/A,
2025-08-19,TRUG,,time-not-supplied,,N/A,"$4,315,501",$6,8/20/2024,
2025-08-19,CASK,,time-not-supplied,,1,"$4,075,662",N/A,N/A,
2025-08-20,TJX,,time-pre-market,,7,"$147,707,508,618",$0.96,8/21/2024,
2025-08-20,LOW,,time-pre-market,,14,"$134,420,972,511",$4.10,8/20/2024,
2025-08-20,ADI,,time-pre-market,,11,"$111,194,333,278",$1.58,8/21/2024,
2025-08-20,TGT,,time-pre-market,,13,"$47,258,597,363",$2.57,8/21/2024,
2025-08-20,EL,,time-pre-market,,11,"$32,068,291,497",$0.64,8/19/2024,
2025-08-20,BIDU,,time-pre-market,,2,"$29,560,859,347",$2.38,8/22/2024,
2025-08-20,FUTU,,time-pre-market,,N/A,"$22,206,786,729",$1.11,8/20/2024,
2025-08-20,NDSN,,time-after-hours,,5,"$11,901,349,117",$2.41,8/21/2024,
2025-08-20,HTHT,,time-pre-market,,1,"$9,849,674,853",$0.46,8/20/2024,
2025-08-20,BZ,,time-pre-market,,1,"$9,172,923,333",$0.13,8/28/2024,
2025-08-20,DY,,time-pre-market,,5,"$7,949,702,201",$2.46,8/21/2024,
2025-08-20,GDS,,time-pre-market,,2,"$7,609,142,591",($0.18),8/21/2024,
2025-08-20,COTY,,time-after-hours,,8,"$4,117,208,611",($0.03),8/20/2024,
2025-08-20,KC,,time-pre-market,,2,"$3,650,009,607",($0.20),8/20/2024,
2025-08-20,AAPG,,time-after-hours,,3,"$3,486,148,466",N/A,N/A,
2025-08-20,BBAR,,time-after-hours,,1,"$3,412,795,140",$0.61,8/21/2024,
2025-08-20,CAAP,,time-not-supplied,,1,"$3,410,283,387",$0.31,8/21/2024,
2025-08-20,M,,time-not-supplied,,5,"$3,288,343,660",$0.53,8/21/2024,
2025-08-20,LU,,time-not-supplied,,N/A,"$2,417,925,600",($0.19),8/21/2024,
2025-08-20,FINV,,time-after-hours,,3,"$2,270,588,195",$0.30,N/A,
2025-08-20,ZIM,,time-pre-market,,3,"$2,145,348,253",$3.08,8/19/2024,
2025-08-20,IQ,,time-pre-market,,2,"$1,742,955,515",$0.01,8/22/2024,
2025-08-20,FLNG,,time-pre-market,,1,"$1,366,257,020",$0.56,8/14/2024,
2025-08-20,DRD,,time-pre-market,,3,"$1,310,716,484",N/A,N/A,
2025-08-20,RERE,,time-pre-market,,1,"$857,283,714",$0.04,8/20/2024,
2025-08-20,WOLF,,time-not-supplied,,3,"$220,989,942",($1.06),8/21/2024,
2025-08-20,UFI,,time-not-supplied,,1,"$81,337,737",($0.22),8/21/2024,
2025-08-20,CLGN,,time-pre-market,,1,"$34,134,446",($0.37),8/20/2024,
2025-08-20,CMMB,,time-not-supplied,,2,"$17,913,780",($0.26),8/21/2024,
2025-08-21,WMT,,time-pre-market,,12,"$829,404,859,785",$0.67,8/15/2024,
2025-08-21,BABA,,time-not-supplied,,2,"$273,972,915,609",$2.04,8/15/2024,
2025-08-21,INTU,,time-after-hours,,7,"$196,961,687,230",$0.61,8/22/2024,
2025-08-21,YMM,,time-pre-market,,1,"$117,767,686,132",$0.12,8/21/2024,
2025-08-21,WDAY,,time-after-hours,,11,"$57,055,230,000",$0.37,8/22/2024,
2025-08-21,ROST,,time-after-hours,,8,"$47,912,560,621",$1.59,8/22/2024,
2025-08-21,ZM,,time-after-hours,,10,"$21,108,747,726",$0.71,8/21/2024,
2025-08-21,AEG,,time-pre-market,,4,"$14,765,523,308",N/A,N/A,
2025-08-21,BILI,,time-pre-market,,2,"$9,639,850,293",($0.17),8/22/2024,
2025-08-21,DDS,,time-not-supplied,,3,"$7,309,093,493",$4.59,8/15/2024,
2025-08-21,MNSO,,time-pre-market,,N/A,"$6,271,231,917",$0.26,8/30/2024,
2025-08-21,MZTI,,time-pre-market,,1,"$4,903,422,340",$1.35,8/22/2024,
2025-08-21,TEO,,time-not-supplied,,2,"$4,363,371,908",$0.15,8/15/2024,
2025-08-21,VNET,,time-pre-market,,2,"$2,157,587,726",$0.06,8/27/2024,
2025-08-21,AACT,,time-not-supplied,,4,"$1,847,612,272",N/A,N/A,
2025-08-21,NMAX,,time-not-supplied,,4,"$1,471,631,256",N/A,N/A,
2025-08-21,AFYA,,time-not-supplied,,1,"$1,332,331,163",$0.41,8/15/2024,
2025-08-21,CVAC,,time-not-supplied,,2,"$1,218,156,736",($0.34),8/15/2024,
2025-08-21,SCSC,,time-pre-market,,2,"$939,073,468",$0.80,8/27/2024,
2025-08-21,CEP,,time-not-supplied,,4,"$854,907,127",N/A,N/A,
2025-08-21,HOV,,time-pre-market,,1,"$779,104,537",$9.75,8/22/2024,
2025-08-21,CSIQ,,time-pre-market,,4,"$775,417,586",$0.02,8/22/2024,
2025-08-21,ZBIO,,time-not-supplied,,4,"$623,538,483",N/A,N/A,
2025-08-21,LYTS,,time-pre-market,,1,"$551,782,019",$0.19,8/15/2024,
2025-08-21,SLQT,,time-pre-market,,2,"$331,624,835",($0.18),9/13/2024,
2025-08-21,OCFT,,time-pre-market,,4,"$290,545,195",($0.06),N/A,
2025-08-21,GHG,,time-not-supplied,,4,"$220,308,145",$0.36,N/A,
2025-08-21,TAYD,,time-not-supplied,,4,"$139,113,887",$0.67,N/A,
2025-08-21,TWIN,,time-pre-market,,4,"$125,489,753",$0.32,N/A,
2025-08-21,AXIL,,time-not-supplied,,4,"$56,523,742",$0.10,N/A,
2025-08-21,HOVR,,time-not-supplied,,4,"$55,237,859",N/A,N/A,
2025-08-21,AGH,,time-not-supplied,,4,"$53,854,400",N/A,N/A,
2025-08-21,COEP,,time-not-supplied,,4,"$38,863,048",($1.60),N/A,
2025-08-21,JUNS,,time-not-supplied,,4,"$38,069,439",N/A,N/A,
2025-08-21,TOPP,,time-not-supplied,,4,"$35,350,000",N/A,N/A,
2025-08-21,BCG,,time-not-supplied,,4,"$33,952,031",($0.04),N/A,
2025-08-21,BOSC,,time-pre-market,,4,"$27,959,198",$0.09,N/A,
2025-08-21,CEPO,,time-not-supplied,,4,"$26,173,470",N/A,N/A,
2025-08-21,RAIN,,time-not-supplied,,4,"$26,173,470",N/A,N/A,
2025-08-21,BLBX,,time-not-supplied,,4,"$25,793,405",($0.27),N/A,
2025-08-21,ADGM,,time-not-supplied,,4,"$20,765,113",N/A,N/A,
2025-08-21,CJMB,,time-not-supplied,,4,"$20,573,724",N/A,N/A,
2025-08-21,ABP,,time-not-supplied,,4,"$15,050,929",N/A,N/A,
2025-08-21,AMOD,,time-not-supplied,,4,"$14,658,534",N/A,N/A,
2025-08-21,GORV,,time-not-supplied,,4,"$14,632,359",($42.64),N/A,
2025-08-21,SKYQ,,time-not-supplied,,4,"$9,632,188",N/A,N/A,
2025-08-21,NCNA,,time-not-supplied,,4,"$8,529,556",($99.99),N/A,
2025-08-21,MKZR,,time-not-supplied,,4,"$8,296,685",N/A,N/A,
2025-08-21,ADVB,,time-not-supplied,,4,"$8,136,640",N/A,N/A,
2025-08-21,CAPS,,time-not-supplied,,4,"$6,435,911",N/A,N/A,
2025-08-21,GIPR,,time-not-supplied,,4,"$4,626,710",($0.42),N/A,
2025-08-21,LRHC,,time-not-supplied,,4,"$3,972,908",($12.80),N/A,
2025-08-21,TTNP,,time-not-supplied,,4,"$3,839,783",($2.29),N/A,
2025-08-21,AYRO,,time-not-supplied,,4,"$3,335,352",$2.24,N/A,
2025-08-21,SYTA,,time-not-supplied,,4,"$3,228,771",($99.99),N/A,
2025-08-21,PRFX,,time-not-supplied,,4,"$2,601,301",($9.60),N/A,
2025-08-21,SGD,,time-not-supplied,,4,"$2,112,668",N/A,N/A,
2025-08-21,SCNI,,time-not-supplied,,4,"$1,469,881",($3.57),N/A,
